Pace,Payce,Payse,,,,,,,,,,,,,,,,,,,,,,,,,
Padley,Padle,Padlay,,,,,,,,,,,,,,,,,,,,,,,,,
Page,Paidg,Paige,Payg,Payge,,,,,,,,,,,,,,,,,,,,,,,
Paike,,,,,,,,,,,,,,,,,,,,,,,,,,,
Painter,,,,,,,,,,,,,,,,,,,,,,,,,,,
Palin,Pallinge,Palinge,,,,,,,,,,,,,,,,,,,,,,,,,
Palle,,,,,,,,,,,,,,,,,,,,,,,,,,,
Pallion,,,,,,,,,,,,,,,,,,,,,,,,,,,
Palliser,Pallisor,Paliser,Pallacer,Pallaser,Pallasser,Palleser,Pallesser,Pallessor,Palleuser,Palliuser,Palluser,Pallycer,Pallyser,Pallesster,,,,,,,,,,,,,
Palmer,Pawmer,Pawmore,,,,,,,,,,,,,,,,,,,,,,,,,
Palmerley,Parmalaye,Parmeley,Parmelay,Parnalbee,,,,,,,,,,,,,,,,,,,,,,,
Palmes,Pawmes,,,,,,,,,,,,,,,,,,,,,,,,,,
Pannett,Panat,,,,,,,,,,,,,,,,,,,,,,,,,,
Panton,Pantonn,Painton,Paneton,Panyton,Paneyton,Pantoe,,,,,,,,,,,,,,,,,,,,,
Pape,Paype,Paipe,,,,,,,,,,,,,,,,,,,,,,,,,
Parent,,,,,,,,,,,,,,,,,,,,,,,,,,,
Parismier,,,,,,,,,,,,,,,,,,,,,,,,,,,
Park,Parke,,,,,,,,,,,,,,,,,,,,,,,,,,
Parker,Parkker,Payrker,,,,,,,,,,,,,,,,,,,,,,,,,
Parkin,Parkine,Parkins,Perkinge,Parkinge,Parkyn,Perkin,Parkyne,Perkins,Perkine,Parking,Perking,Parkinn,Parken,Perken,,,,,,,,,,,,,
Parkinson,Parkinsonn,Parkingson,Parkeson,Perkinson,Parkynson,Parkenson,Perkinson,Parkinsonne,,,,,,,,,,,,,,,,,,,
Parlour,Parler,Parley,Perler,,,,,,,,,,,,,,,,,,,,,,,,
Parmaley,Permelay,,,,,,,,,,,,,,,,,,,,,,,,,,
Parr,Parre,Par,,,,,,,,,,,,,,,,,,,,,,,,,
Parsey,Parsie,,,,,,,,,,,,,,,,,,,,,,,,,,
Parson,Parreson,,,,,,,,,,,,,,,,,,,,,,,,,,
Partas,Partis,Pertisse,Partys,Partisse,Partise,Partus,Partusse,Pertis,,,,,,,,,,,,,,,,,,,
Partforth,,,,,,,,,,,,,,,,,,,,,,,,,,,
Partridge,Partrige,Partryche,Partrych,,,,,,,,,,,,,,,,,,,,,,,,
Pasmore,Pasmor,Pasmoor,Pasmoore,Pasman,,,,,,,,,,,,,,,,,,,,,,,
Paston,,,,,,,,,,,,,,,,,,,,,,,,,,,
Pate,,,,,,,,,,,,,,,,,,,,,,,,,,,
Patey,Pattye,Paitie,Paittie,Pattie,Payte,Patty,Patie,Patye,,,,,,,,,,,,,,,,,,,
Patman,Patteman,,,,,,,,,,,,,,,,,,,,,,,,,,
Patrick,Pattrick,Patryk,Patrycke,Patrack,,,,,,,,,,,,,,,,,,,,,,,
Patt,Paitt,Patte,,,,,,,,,,,,,,,,,,,,,,,,,
Patten,Patton,Paten,,,,,,,,,,,,,,,,,,,,,,,,,
Pattery,,,,,,,,,,,,,,,,,,,,,,,,,,,
Pattison,Patisonn,Pattisonn,Patisonn,Patisonne,Patteson,Patison,Pattynson,Patyson,Pattinson,Pattinsone,Pattesonn,Pattenson,Pateson,Pattissonne,Patissonn,Pattisson,Patinson,Patteson,Putusson,Pattinsonn,Pattysone,Patysone,Pattesone,Patisonne,Pattesonne,Pattesonne,Patesonne
Paul,Paule,Paull,,,,,,,,,,,,,,,,,,,,,,,,,
Paulin,Pawling,Paulyn,Pauline,Paulinge,Paullinge,Pawlinge,,,,,,,,,,,,,,,,,,,,,
Pauper,Pawper,,,,,,,,,,,,,,,,,,,,,,,,,,
Pauston,Paustonn,Pawstonn,Pawston,,,,,,,,,,,,,,,,,,,,,,,,
Pavey,Pavie,Pavy,Pavye,,,,,,,,,,,,,,,,,,,,,,,,
Paxton,Paxtone,Paxstone,,,,,,,,,,,,,,,,,,,,,,,,,
Pay,Paye,,,,,,,,,,,,,,,,,,,,,,,,,,
Payne,,,,,,,,,,,,,,,,,,,,,,,,,,,
Peabroke,,,,,,,,,,,,,,,,,,,,,,,,,,,
Peacock,Peakok,Peakock,Peackoke,Pecock,Peacocke,Peacoke,Pacocke,Pacock,Pecocke,Peackocke,,,,,,,,,,,,,,,,,
Peak,Peeke,Peake,,,,,,,,,,,,,,,,,,,,,,,,,
Pearcy,Pearcie,Pearcye,Peyrsye,,,,,,,,,,,,,,,,,,,,,,,,
Peareth,Peeroth,Perrith,Pearith,Pearrith,,,,,,,,,,,,,,,,,,,,,,,
Pearman,Parsman,Pairman,,,,,,,,,,,,,,,,,,,,,,,,,
Pearson,Pearsonn,Person,Pearsonne,Peirson,Persone,Pereson,Peareson,Peerson,Peyoeson,Peirsonn,Peresonne,Peresonn,Peyrson,Pearsonne,Pearsone,Pershon,Personne,Peirsone,Perrison,Pierson,,,,,,,
Peart,Peirt,Peyrte,Pearte,Peath,Perte,Pert,,,,,,,,,,,,,,,,,,,,,
Peather,,,,,,,,,,,,,,,,,,,,,,,,,,,
Pedler,,,,,,,,,,,,,,,,,,,,,,,,,,,
Peebles,Peebells,Pebles,Pebelles,Pebylles,,,,,,,,,,,,,,,,,,,,,,,
Peel,Peale,Peele,,,,,,,,,,,,,,,,,,,,,,,,,
Pegg,Pegge,,,,,,,,,,,,,,,,,,,,,,,,,,
Pelton,Pellton,,,,,,,,,,,,,,,,,,,,,,,,,,
Pemberton,,,,,,,,,,,,,,,,,,,,,,,,,,,
Peminges,,,,,,,,,,,,,,,,,,,,,,,,,,,
Penderfield,Penderfealld,,,,,,,,,,,,,,,,,,,,,,,,,,
Pendreth,Pendrethe,,,,,,,,,,,,,,,,,,,,,,,,,,
Peniston,Pemeston,,,,,,,,,,,,,,,,,,,,,,,,,,
Penne,,,,,,,,,,,,,,,,,,,,,,,,,,,
Pennington,Penyngton,,,,,,,,,,,,,,,,,,,,,,,,,,
Penshaw,Penshall,,,,,,,,,,,,,,,,,,,,,,,,,,
Pentland,Pentlin,Pentlen,Pinlinge,,,,,,,,,,,,,,,,,,,,,,,,
Pepper,Pepar,Peper,,,,,,,,,,,,,,,,,,,,,,,,,
Percival,Parcevell,Percivill,,,,,,,,,,,,,,,,,,,,,,,,,
Percy,Percie,,,,,,,,,,,,,,,,,,,,,,,,,,
Perker,Perekar,,,,,,,,,,,,,,,,,,,,,,,,,,
Perkner,,,,,,,,,,,,,,,,,,,,,,,,,,,
Peter,,,,,,,,,,,,,,,,,,,,,,,,,,,
Peterkin,Peterkine,Poterkin,,,,,,,,,,,,,,,,,,,,,,,,,
Peterson,,,,,,,,,,,,,,,,,,,,,,,,,,,
Petty,Phetye,Pety,,,,,,,,,,,,,,,,,,,,,,,,,
Pettyson,,,,,,,,,,,,,,,,,,,,,,,,,,,
Peverell,Peverill,Peveril,Paverell,,,,,,,,,,,,,,,,,,,,,,,,
Phillip,Phelope,Phillope,Philop,Phillips,Phillip,Phillope,Phylpe,Phylyp,Phillp,Phillippe,Philpe,Philippe,Philoppe,Philippe,Fyllope,Fylpe,,,,,,,,,,,
Phillipson,Phillopson,Philipsonne,Pheapson,Phillipsonn,,,,,,,,,,,,,,,,,,,,,,,
Philpot,Philpott,Phylpott,,,,,,,,,,,,,,,,,,,,,,,,,
Phirst,,,,,,,,,,,,,,,,,,,,,,,,,,,
Pickering,Pickeringe,Pickeryng,Pickringe,Pickring,Pickerinn,Pickerrin,Pyckeringe,Pickron,Pickerin,Pickren,,,,,,,,,,,,,,,,,
Pickett,,,,,,,,,,,,,,,,,,,,,,,,,,,
Picton,,,,,,,,,,,,,,,,,,,,,,,,,,,
Pie,Pye,Pid,,,,,,,,,,,,,,,,,,,,,,,,,
Pierman,,,,,,,,,,,,,,,,,,,,,,,,,,,
Pigeon,,,,,,,,,,,,,,,,,,,,,,,,,,,
Pigg,Pygge,Pyge,Pige,Pigge,Pygg,,,,,,,,,,,,,,,,,,,,,,
Pigus,Paugus,,,,,,,,,,,,,,,,,,,,,,,,,,
Pilgrim,Pilgrame,Pylgram,,,,,,,,,,,,,,,,,,,,,,,,,
Pilkington,Pilkintonn,Pilkinton,Pilkintonn,Pilkingeton,,,,,,,,,,,,,,,,,,,,,,,
Pinder,Punder,,,,,,,,,,,,,,,,,,,,,,,,,,
Pinkland,,,,,,,,,,,,,,,,,,,,,,,,,,,
Pinkney,Pyngneye,Pinckney,Pinknay,Penkney,Pincknay,Pincknaye,,,,,,,,,,,,,,,,,,,,,
Pinner,Pynner,,,,,,,,,,,,,,,,,,,,,,,,,,
Pitcher,Pytcher,Pytchers,Pitsher,,,,,,,,,,,,,,,,,,,,,,,,
Pithie,Pithy,Pitthy,Pythe,,,,,,,,,,,,,,,,,,,,,,,,
Place,Playce,Please,,,,,,,,,,,,,,,,,,,,,,,,,
Plaskett,Plasking,,,,,,,,,,,,,,,,,,,,,,,,,,
Plover,,,,,,,,,,,,,,,,,,,,,,,,,,,
Plowden,Plowghen,,,,,,,,,,,,,,,,,,,,,,,,,,
Plowman,Ploumer,Plewman,Pluman,,,,,,,,,,,,,,,,,,,,,,,,
Plummer,Plumer,,,,,,,,,,,,,,,,,,,,,,,,,,
Plumpton,Plumton,Plumpeton,,,,,,,,,,,,,,,,,,,,,,,,,
Plumtree,Plumbtree,,,,,,,,,,,,,,,,,,,,,,,,,,
Poad,Pood,Poode,,,,,,,,,,,,,,,,,,,,,,,,,
Poats,,,,,,,,,,,,,,,,,,,,,,,,,,,
Pollard,Pollart,,,,,,,,,,,,,,,,,,,,,,,,,,
Polson,Poyelson,Powlson,Powelson,,,,,,,,,,,,,,,,,,,,,,,,
Ponderleaf,,,,,,,,,,,,,,,,,,,,,,,,,,,
Poole,Pooles,,,,,,,,,,,,,,,,,,,,,,,,,,
Pope,,,,,,,,,,,,,,,,,,,,,,,,,,,
Popely,Poapley,Popelay,Popelie,,,,,,,,,,,,,,,,,,,,,,,,
Porrett,Porat,Porret,,,,,,,,,,,,,,,,,,,,,,,,,
Porter,,,,,,,,,,,,,,,,,,,,,,,,,,,
Portus,,,,,,,,,,,,,,,,,,,,,,,,,,,
Postgate,Poskett,,,,,,,,,,,,,,,,,,,,,,,,,,
Potter,,,,,,,,,,,,,,,,,,,,,,,,,,,
Potts,Pottes,Pots,,,,,,,,,,,,,,,,,,,,,,,,,
Pounder,,,,,,,,,,,,,,,,,,,,,,,,,,,
Powler,,,,,,,,,,,,,,,,,,,,,,,,,,,
Powley,,,,,,,,,,,,,,,,,,,,,,,,,,,
Poyd,Poyde,Poyed,,,,,,,,,,,,,,,,,,,,,,,,,
Pratt,Prat,,,,,,,,,,,,,,,,,,,,,,,,,,
Prentice,Prentis,Pentice,Prentisse,Printize,Prentise,Prentize,Prentesse,Prentysse,,,,,,,,,,,,,,,,,,,
Prescott,Priscott,Priscot,,,,,,,,,,,,,,,,,,,,,,,,,
Preston,Priston,Prestayne,Prestonn,Prestone,,,,,,,,,,,,,,,,,,,,,,,
Price,,,,,,,,,,,,,,,,,,,,,,,,,,,
Priest,Preest,,,,,,,,,,,,,,,,,,,,,,,,,,
Priestley,Preistley,,,,,,,,,,,,,,,,,,,,,,,,,,
Priestman,Preasteman,Prestman,,,,,,,,,,,,,,,,,,,,,,,,,
Pringle,Pringell,,,,,,,,,,,,,,,,,,,,,,,,,,
Prior,,,,,,,,,,,,,,,,,,,,,,,,,,,
Priorman,Prierman,Pryerman,Priermand,Priormane,Pryorman,Prerman,,,,,,,,,,,,,,,,,,,,,
Prissick,Priscicke,Pryssyke,,,,,,,,,,,,,,,,,,,,,,,,,
Proctor,Prockter,Procter,Prockter,Procter,Prokter,Proctter,,,,,,,,,,,,,,,,,,,,,
Proud,Prodyd,Proude,,,,,,,,,,,,,,,,,,,,,,,,,
Proudlock,Prowdlock,Proundlocke,Proudloke,Prowlock,Prowdlocke,,,,,,,,,,,,,,,,,,,,,,
Prudhoe,Pruddye,Pruder,,,,,,,,,,,,,,,,,,,,,,,,,
Pudsey,Pudsin,Pudsay,,,,,,,,,,,,,,,,,,,,,,,,,
Pukern,,,,,,,,,,,,,,,,,,,,,,,,,,,
Pungill,,,,,,,,,,,,,,,,,,,,,,,,,,,
Punshon,Punshonn,Punsshon,Punshion,Puncion,Pounchon,Punchon,Punsheon,Pounshon,Pounchin,Pounchen,,,,,,,,,,,,,,,,,
Purdy,Purdie,Purdye,,,,,,,,,,,,,,,,,,,,,,,,,
Pursley,Poursaly,Purselie,Purseley,Purselie,Purseley,Persley,,,,,,,,,,,,,,,,,,,,,
Purston,,,,,,,,,,,,,,,,,,,,,,,,,,,
Purvey,Purvye,,,,,,,,,,,,,,,,,,,,,,,,,,
Purvis,,,,,,,,,,,,,,,,,,,,,,,,,,,
Pyburn,Piborne,Piburne,Pyburne,,,,,,,,,,,,,,,,,,,,,,,,
Pybus,Pybous,,,,,,,,,,,,,,,,,,,,,,,,,,
Feetham,Phetum,,,,,,,,,,,,,,,,,,,,,,,,,,
Fenwick,Phenick,,,,,,,,,,,,,,,,,,,,,,,,,,
Fairey,Pharey,,,,,,,,,,,,,,,,,,,,,,,,,,
Farrow,Pharrow,,,,,,,,,,,,,,,,,,,,,,,,,,
Fawcett,Phawcet,,,,,,,,,,,,,,,,,,,,,,,,,,
