Mabell,,,,,,,,,,,,,,,,,,,,,,,,
Mabron,,,,,,,,,,,,,,,,,,,,,,,,
Mabson,,,,,,,,,,,,,,,,,,,,,,,,
Maby,Mabye,,,,,,,,,,,,,,,,,,,,,,,
Macclesfield,Mackerfield,,,,,,,,,,,,,,,,,,,,,,,
Macham,,,,,,,,,,,,,,,,,,,,,,,,
Mackerell,Mackrell,Markerell,,,,,,,,,,,,,,,,,,,,,,
Mackerick,Mackerag,Markeriche,Makarigg,,,,,,,,,,,,,,,,,,,,,
Mackmonal,,,,,,,,,,,,,,,,,,,,,,,,
Mackribye,,,,,,,,,,,,,,,,,,,,,,,,
Mackridge,Makridge,,,,,,,,,,,,,,,,,,,,,,,
Macron,,,,,,,,,,,,,,,,,,,,,,,,
McBray,Mackbray,,,,,,,,,,,,,,,,,,,,,,,
McBreal,Michbreal,,,,,,,,,,,,,,,,,,,,,,,
McCaille,Machell,Machel,Machiall,Machill,,,,,,,,,,,,,,,,,,,,
McFair,Macfair,,,,,,,,,,,,,,,,,,,,,,,
McForth,Macforth,,,,,,,,,,,,,,,,,,,,,,,
McKie,Mackii,,,,,,,,,,,,,,,,,,,,,,,
Maddison,Maddisone,Maddisonn,Maddisonne,Maddisson,Maddissonne,Madason,Maddeson,Madison,Madisonn,Maddyson,Maderson,Madinsonne,Madson,,,,,,,,,,,
Mader,Made,,,,,,,,,,,,,,,,,,,,,,,
Madley,,,,,,,,,,,,,,,,,,,,,,,,
Maffe,,,,,,,,,,,,,,,,,,,,,,,,
Magson,Magison,Mageson,Magerson,Magersone,,,,,,,,,,,,,,,,,,,,
Maham,,,,,,,,,,,,,,,,,,,,,,,,
Main,,,,,,,,,,,,,,,,,,,,,,,,
Maingay,Maingeye,,,,,,,,,,,,,,,,,,,,,,,
Maislet,,,,,,,,,,,,,,,,,,,,,,,,
Maisse,,,,,,,,,,,,,,,,,,,,,,,,
Maitland,Matland,Matlane,Mautland,Mawtland,,,,,,,,,,,,,,,,,,,,
McFair,Makefaire,,,,,,,,,,,,,,,,,,,,,,,
Mallabar,Mallebar,Mallyper,Malleper,Malypere,,,,,,,,,,,,,,,,,,,,
Mallaby,Mallabe,Malbye,Mallerbey,Malbie,Mallabee,,,,,,,,,,,,,,,,,,,
Mallam,Mallem,Mallum,Malam,Mallam,Mellame,Mallon,Mallen,Malen,,,,,,,,,,,,,,,,
Malland,Maland,Malande,,,,,,,,,,,,,,,,,,,,,,
Mallans,,,,,,,,,,,,,,,,,,,,,,,,
Malliburn,Mallaburne,Malleburne,Maloburne,Malowburne,Malebourne,Malebrowne,Malibourne,Malleborne,Malliboure,Mallibourne,Mallobourne,Mallowborne,Mallowbourne,Maloubourne,Malowborne,Malborne,Mellobourne,,,,,,,
Malling,Maline,Mallaine,,,,,,,,,,,,,,,,,,,,,,
Malliver,,,,,,,,,,,,,,,,,,,,,,,,
Mallory,Malarye,,,,,,,,,,,,,,,,,,,,,,,
Mallot,Mallert,Malert,,,,,,,,,,,,,,,,,,,,,,
Maltby,Maltbye,Maltbie,Malteby,Maltbey,Maltbe,Mawltby,Mawltbye,Maultbye,Mawtby,,,,,,,,,,,,,,,
Mammon,Mamman,,,,,,,,,,,,,,,,,,,,,,,
Manchester,,,,,,,,,,,,,,,,,,,,,,,,
Manelow,Manelaws,,,,,,,,,,,,,,,,,,,,,,,
Manfield,Manfeild,,,,,,,,,,,,,,,,,,,,,,,
Manger,Moungay,Maungy,,,,,,,,,,,,,,,,,,,,,,
Manikin,Mantkin,,,,,,,,,,,,,,,,,,,,,,,
Mann,Manne,Man,,,,,,,,,,,,,,,,,,,,,,
Mansell,,,,,,,,,,,,,,,,,,,,,,,,
Mantle,Mantyll,,,,,,,,,,,,,,,,,,,,,,,
Manuel,Manuell,Manwell,Mannuell,Menwell,,,,,,,,,,,,,,,,,,,,
Mapwell,,,,,,,,,,,,,,,,,,,,,,,,
March,Marche,,,,,,,,,,,,,,,,,,,,,,,
Marchant,Marchn,Merchn,,,,,,,,,,,,,,,,,,,,,,
Marden,,,,,,,,,,,,,,,,,,,,,,,,
Mark,,,,,,,,,,,,,,,,,,,,,,,,
Markham,Markam,Markeham,Marckam,Markom,Marchcum,Mercum,Marchem,Michame,,,,,,,,,,,,,,,,
Markin,,,,,,,,,,,,,,,,,,,,,,,,
Marland,,,,,,,,,,,,,,,,,,,,,,,,
Marley,Marlay,Marlee,Marlie,Marloy,Marly,Marlye,Merlay,Merleye,,,,,,,,,,,,,,,,
Marleyman,Marlyman,,,,,,,,,,,,,,,,,,,,,,,
Marmaduke,Marmaduck,Marmaducke,,,,,,,,,,,,,,,,,,,,,,
Marode,,,,,,,,,,,,,,,,,,,,,,,,
Marr,Mar,Mare,,,,,,,,,,,,,,,,,,,,,,
Marrow,,,,,,,,,,,,,,,,,,,,,,,,
Marsh,,,,,,,,,,,,,,,,,,,,,,,,
Marshall,Marshal,Marshell,Marshiall,Marsshell,Marchell,Mershall,Mershell,,,,,,,,,,,,,,,,,
Marshead,Marshaed,,,,,,,,,,,,,,,,,,,,,,,
Marson,,,,,,,,,,,,,,,,,,,,,,,,
Martin,Marten,Martine,Marting,Marton,Martyn,Martyne,Martynne,,,,,,,,,,,,,,,,,
Martindale,Martindaile,Martindaill,Martindall,Martingdell,Martyndaill,Martyndall,Martyndill,Markendall,Marckyndale,Markyndall,Mertindaill,,,,,,,,,,,,,
Martleden,,,,,,,,,,,,,,,,,,,,,,,,
Marwood,Marwoode,Marwhode,,,,,,,,,,,,,,,,,,,,,,
Maslegin,Maslygen,Maslyion,Masseljoyne,,,,,,,,,,,,,,,,,,,,,
Mason,Maison,Maisonn,Maisonne,,,,,,,,,,,,,,,,,,,,,
Massam,Masam,,,,,,,,,,,,,,,,,,,,,,,
Masset,,,,,,,,,,,,,,,,,,,,,,,,
Massey,Massie,Massye,,,,,,,,,,,,,,,,,,,,,,
Masterley,Maisterley,,,,,,,,,,,,,,,,,,,,,,,
Masterman,Maisterman,Maysterman,,,,,,,,,,,,,,,,,,,,,,
Matby,Matbye,Matbie,,,,,,,,,,,,,,,,,,,,,,
Matfin,Matphin,Matphen,Mathpen,Marphet,,,,,,,,,,,,,,,,,,,,
Matheson,Mathason,Mathson,,,,,,,,,,,,,,,,,,,,,,
Mathey,,,,,,,,,,,,,,,,,,,,,,,,
Matkin,,,,,,,,,,,,,,,,,,,,,,,,
Matthew,Mathew,Mathewe,Mathews,,,,,,,,,,,,,,,,,,,,,
Matthewson,Mathewson,Matteson,,,,,,,,,,,,,,,,,,,,,,
Mattman,Mattmen,,,,,,,,,,,,,,,,,,,,,,,
Maude,Mawd,,,,,,,,,,,,,,,,,,,,,,,
Maughan,Maughen,Maugham,Mawghan,Mawgham,Maugham,Mawgham,Mawghan,Mawghn,Mawhan,Mawhen,Mawhene,Marwen,Malne,,,,,,,,,,,
Maund,Maunde,,,,,,,,,,,,,,,,,,,,,,,
Mauston,,,,,,,,,,,,,,,,,,,,,,,,
Mavin,Mavine,Mavyn,,,,,,,,,,,,,,,,,,,,,,
Mawer,Mawere,Mawre,Maure,Mawe,Mawes,Mower,Mowre,,,,,,,,,,,,,,,,,
Mawken,,,,,,,,,,,,,,,,,,,,,,,,
Mawson,,,,,,,,,,,,,,,,,,,,,,,,
Maxforth,,,,,,,,,,,,,,,,,,,,,,,,
Maxwell,Macswle,Maukswell,,,,,,,,,,,,,,,,,,,,,,
May,Maye,,,,,,,,,,,,,,,,,,,,,,,
Mayland,,,,,,,,,,,,,,,,,,,,,,,,
Mayles,,,,,,,,,,,,,,,,,,,,,,,,
Maynard,Maynerd,Manard,Mannard,Mannarde,Maynert,Manert,Mayerd,,,,,,,,,,,,,,,,,
Mayor,Mayr,Mayre,Mayer,Maire,Maior,Maier,,,,,,,,,,,,,,,,,,
Mayson,Maysson,,,,,,,,,,,,,,,,,,,,,,,
Meadows,Medowes,,,,,,,,,,,,,,,,,,,,,,,
Means,Meanes,,,,,,,,,,,,,,,,,,,,,,,
Meburn,Meburne,Medburne,Meaburn,Meaburne,Meborn,Meborne,Mebornn,Mebourn,Mebourne,Meabron,Mebor,Mewborne,Mewbrown,Mewburne,Meyburne,Mowborne,,,,,,,,
Megar,Meggar,Meggor,,,,,,,,,,,,,,,,,,,,,,
Meggett,Meggat,Meggatt,Meggert,Megart,Megat,Moggart,Mygatt,Meggart,,,,,,,,,,,,,,,,
Meggison,Megerson,Megson,,,,,,,,,,,,,,,,,,,,,,
Meland,Melande,Melan,,,,,,,,,,,,,,,,,,,,,,
Meldrum,Meldrom,Meldrome,Mildrome,,,,,,,,,,,,,,,,,,,,,
Melett,,,,,,,,,,,,,,,,,,,,,,,,
Mellan,Mellen,,,,,,,,,,,,,,,,,,,,,,,
Mellanby,Mellerby,Mellerbye,Melinerbe,Mellerbe,Mellerbey,Mellerbie,Melmerbie,Melberbie,,,,,,,,,,,,,,,,
Melsonby,Melsonbe,Melsonbie,Mesambye,Mersonbe,Melsambye,,,,,,,,,,,,,,,,,,,
Menon,,,,,,,,,,,,,,,,,,,,,,,,
Mensforth,Mensforthe,Mencforth,Mainsforth,Mainsfourth,Mainesforth,Mansefurthe,Mansforth,Maynefurth,Maynesforth,Maynsefourth,Maynsforth,Maynsfourth,Maynsfurth,Maynsworth,Maysforth,Masforth,Maynesfurth,,,,,,,
Menvell,,,,,,,,,,,,,,,,,,,,,,,,
Meron,,,,,,,,,,,,,,,,,,,,,,,,
Merriman,Meriman,Merryemann,Merryman,Merrymann,Meryeman,Meryman,Myrryeman,Myrryman,Merman,,,,,,,,,,,,,,,
Merrington,Merington,Merrinton,Merinton,Merrynton,Merynton,,,,,,,,,,,,,,,,,,,
Mertes,Murtes,,,,,,,,,,,,,,,,,,,,,,,
Messenger,,,,,,,,,,,,,,,,,,,,,,,,
Metcalf,Metcalfe,Mettcalf,Medcalf,Medcalfe,Medcawfe,Medchafe,Midcalf,Midcalfe,Mitcalf,Mydcalfe,,,,,,,,,,,,,,
Metham,Mettham,,,,,,,,,,,,,,,,,,,,,,,
Mettrick,Mettricke,,,,,,,,,,,,,,,,,,,,,,,
Meyers,Meyass,Meysse,,,,,,,,,,,,,,,,,,,,,,
Midder,,,,,,,,,,,,,,,,,,,,,,,,
Middlemiss,Middlemist,,,,,,,,,,,,,,,,,,,,,,,
Middleton,Midleton,Midletonn,Middletone,Midelltonn,Midelton,Mideltonn,Mideltown,Midillton,Midilton,Midiltonn,Midlton,Meddleton,Medelton,Medilton,Medlton,Middelton,Myddelton,Myddeltone,Myddeton,Myddleton,Myddletone,Mydelton,Mydleton,Mydltone
Midforth,Mydforth,Mydforthe,Mydfurth,Mydfurthe,Midford,,,,,,,,,,,,,,,,,,,
Migley ,Meghlay,,,,,,,,,,,,,,,,,,,,,,,
Milbank,Milbanck,,,,,,,,,,,,,,,,,,,,,,,
Milburn,Milburne,Millburne,Milborn,Milborne,Milbourne,Mylborn,Mylborne,Mylburne,Milbourn,,,,,,,,,,,,,,,
Mild,,,,,,,,,,,,,,,,,,,,,,,,
Miles,Myles,,,,,,,,,,,,,,,,,,,,,,,
Miller,Millar,Myller,Millers,,,,,,,,,,,,,,,,,,,,,
Millerson,,,,,,,,,,,,,,,,,,,,,,,,
Milletson,,,,,,,,,,,,,,,,,,,,,,,,
Millett,Millet,Millot,Myllott,,,,,,,,,,,,,,,,,,,,,
Millington,Myllyngton,,,,,,,,,,,,,,,,,,,,,,,
Mills,Milles,Mils,Mylles,Millis,,,,,,,,,,,,,,,,,,,,
Milne,Milnes,Mylnes,,,,,,,,,,,,,,,,,,,,,,
Milner,Myliner,Mylner,,,,,,,,,,,,,,,,,,,,,,
Minikin,Mynikyn,,,,,,,,,,,,,,,,,,,,,,,
Minor,,,,,,,,,,,,,,,,,,,,,,,,
Minto,Meinto,,,,,,,,,,,,,,,,,,,,,,,
Mirin,,,,,,,,,,,,,,,,,,,,,,,,
Missell,Myssels,,,,,,,,,,,,,,,,,,,,,,,
Mitchell,Michell,Mychehyll,Mychell,,,,,,,,,,,,,,,,,,,,,
Mitchelson,Michalson,Michellson,Michelson,Michilson,Michilsone,Mychilson,Mytchelson,Mychellson,Mychelson,,,,,,,,,,,,,,,
Mitchison,Mitcheson,Mychinson,Mychyson,Mytcheson,Michesone,Micheson,,,,,,,,,,,,,,,,,,
Mitford,Metford,Metforthe,Mytforth,Metfothe,,,,,,,,,,,,,,,,,,,,
Moberley,Moberlye,Moberleie,Mobelie,Mowberlay,,,,,,,,,,,,,,,,,,,,
Moffat,Moffit,Moffitt,Moffet,Mofett,Moffett,Moffette,Morfeit,Morfot,Muffut,,,,,,,,,,,,,,,
Molakey,Molakell,,,,,,,,,,,,,,,,,,,,,,,
Monar,,,,,,,,,,,,,,,,,,,,,,,,
Moncrieff,Monncriff,Monncryff,Mouncriff,,,,,,,,,,,,,,,,,,,,,
Mondy,Mondie,Moundy,Mundy,Mundey,,,,,,,,,,,,,,,,,,,,
Moody,Moodie,Mooddye,Moode,Moadie,Modie,Moudye,Muddie,Muddye,Mudey,Mudie,Moodey,Mudye,,,,,,,,,,,,
Moorcock,Moorecocke,Morecocke,Morecoke,Morrecocke,Morcok,Murcocke,,,,,,,,,,,,,,,,,,
Moore,Moor,More,Morr,Moir,Moyer,Moure,Moures,Mores,Moorsi,,,,,,,,,,,,,,,
Moorey,Mooreye,Moorie,Moory,Moorye,Moray,Morraye,Morrey,Mory,Morey,,,,,,,,,,,,,,,
Moorhouse,Moorehouse,Morehouse,Moorehowse,Moosse,Morres,,,,,,,,,,,,,,,,,,,
Morden,Mordon,Mordone,,,,,,,,,,,,,,,,,,,,,,
Mordey,Mordy,,,,,,,,,,,,,,,,,,,,,,,
Moreby,Morribee,,,,,,,,,,,,,,,,,,,,,,,
Morecombe,Morecome,,,,,,,,,,,,,,,,,,,,,,,
Moresby,Moraysby,Morsby,,,,,,,,,,,,,,,,,,,,,,
Morgan,Morgane,Morgayn,Morgayne,Morgen,,,,,,,,,,,,,,,,,,,,
Morham,,,,,,,,,,,,,,,,,,,,,,,,
Morland,Morlande,Morllande,Morlan,Morlaine,Morlane,Morlayne,Morlyn,Morlyne,,,,,,,,,,,,,,,,
Morley,Morlay,Morlaye,Morly,Morlye,,,,,,,,,,,,,,,,,,,,
Morpeth,Morpethe,Morepeth,Morepethe,,,,,,,,,,,,,,,,,,,,,
Morrell,,,,,,,,,,,,,,,,,,,,,,,,
Morris,Morisse,Morrice,Moorice,Morys,Moris,,,,,,,,,,,,,,,,,,,
Morrish,Morishe,,,,,,,,,,,,,,,,,,,,,,,
Morrison,Morison,Moreson,Morisonn,Morryson,,,,,,,,,,,,,,,,,,,,
Morrow,Morow,Morro,Morroo,,,,,,,,,,,,,,,,,,,,,
Morse,,,,,,,,,,,,,,,,,,,,,,,,
Morton,Mortone,Mortonn,Mortton,Mourton,,,,,,,,,,,,,,,,,,,,
Moss,Mosse,,,,,,,,,,,,,,,,,,,,,,,
Moston,,,,,,,,,,,,,,,,,,,,,,,,
Mott,,,,,,,,,,,,,,,,,,,,,,,,
Moulde,Mowlde,Moylde,,,,,,,,,,,,,,,,,,,,,,
Moule,,,,,,,,,,,,,,,,,,,,,,,,
Mow,,,,,,,,,,,,,,,,,,,,,,,,
Mowbray,Mowbraye,Mowbrye,Mowbery,Mowberye,Mowberie,Mowebury,Mowbrai,Mouberye,Mobrine,Mybray,,,,,,,,,,,,,,
Moyse,Moyses,Moysse,,,,,,,,,,,,,,,,,,,,,,
Moyser,Mosier,,,,,,,,,,,,,,,,,,,,,,,
Mullen,Mullan,Mulleine,Molon,,,,,,,,,,,,,,,,,,,,,
Mullikin,Mullycan,Mullycane,Mullychane,Mullychan,,,,,,,,,,,,,,,,,,,,
Muncaster,Monkester,Munghester,Munkkester,,,,,,,,,,,,,,,,,,,,,
Murray,Murrey,Murie,Murre,,,,,,,,,,,,,,,,,,,,,
Murton,,,,,,,,,,,,,,,,,,,,,,,,
Muse,,,,,,,,,,,,,,,,,,,,,,,,
Musgrave,Musgrove,Muscrafe,,,,,,,,,,,,,,,,,,,,,,
Mushen,Muschion,,,,,,,,,,,,,,,,,,,,,,,
Myers,Myars,Myrs,Myres,,,,,,,,,,,,,,,,,,,,,
Mytton,Myton,,,,,,,,,,,,,,,,,,,,,,,
Nicholson,Mycolson,,,,,,,,,,,,,,,,,,,,,,,
Smurthwaite,Murthwate,,,,,,,,,,,,,,,,,,,,,,,
