Caisley,Cairslaie,Caseley,Caselaw,,,,,,,,,,,,,,,,,,,,,,,,,,,,,
Calam,callum,,,,,,,,,,,,,,,,,,,,,,,,,,,,,,,
Callen,cullen,,,,,,,,,,,,,,,,,,,,,,,,,,,,,,,
Calley,Callie,,,,,,,,,,,,,,,,,,,,,,,,,,,,,,,
Calverley,Calverly,Caverley,Cauverlay,Coverley,,,,,,,,,,,,,,,,,,,,,,,,,,,,
Calvert,Calvart,Calff,,,,,,,,,,,,,,,,,,,,,,,,,,,,,,
Cammis,Cames,,,,,,,,,,,,,,,,,,,,,,,,,,,,,,,
Camp,Campe,,,,,,,,,,,,,,,,,,,,,,,,,,,,,,,
Campbell,Cammell,Camell,,,,,,,,,,,,,,,,,,,,,,,,,,,,,,
Candell,Candett,,,,,,,,,,,,,,,,,,,,,,,,,,,,,,,
Cannon,,,,,,,,,,,,,,,,,,,,,,,,,,,,,,,,
Cant,Cante,Cantte,kent,Kant,kente,,,,,,,,,,,,,,,,,,,,,,,,,,,
Cantworth,,,,,,,,,,,,,,,,,,,,,,,,,,,,,,,,
Cape,,,,,,,,,,,,,,,,,,,,,,,,,,,,,,,,
Capstick,Capstock,Capsocke,Eapsick,,,,,,,,,,,,,,,,,,,,,,,,,,,,,
Card,Carde,,,,,,,,,,,,,,,,,,,,,,,,,,,,,,,
Cardinal,Cardinall,Cardinell,Cardnell,Cardenell,Cardine,,,,,,,,,,,,,,,,,,,,,,,,,,,
Carey,Cairie,cary,kerry,carry,,,,,,,,,,,,,,,,,,,,,,,,,,,,
Cargell,Cargill,Gargell,,,,,,,,,,,,,,,,,,,,,,,,,,,,,,
Carling,Carlon,,,,,,,,,,,,,,,,,,,,,,,,,,,,,,,
Carlisle,Carlile,Carlill,Carlell,Cairlill,Cairlell,Carlis,,,,,,,,,,,,,,,,,,,,,,,,,,
Carlton,Carleton,Carton,,,,,,,,,,,,,,,,,,,,,,,,,,,,,,
Carmichael,Carmichell,,,,,,,,,,,,,,,,,,,,,,,,,,,,,,,
Carnaby,Carnabye,Carnabie,Carnabe,Carnaybey,Carnoby,Kenabie,,,,,,,,,,,,,,,,,,,,,,,,,,
Carns,Carnes,cairns,carrens,cairnes,Caines,,,,,,,,,,,,,,,,,,,,,,,,,,,
Carr,Carrr,Carre,Car,Care,Kare,Karr,Karre,,,,,,,,,,,,,,,,,,,,,,,,,
Carrack,Carrocke,,,,,,,,,,,,,,,,,,,,,,,,,,,,,,,
Carrell,Carell,,,,,,,,,,,,,,,,,,,,,,,,,,,,,,,
Carrot,Carrate,,,,,,,,,,,,,,,,,,,,,,,,,,,,,,,
Carruthers,Cruddas,Crowdess,Crudas,Caruddus,Crawdis,Crowther,Croother,croudace,cruddace,,,,,,,,,,,,,,,,,,,,,,,
Carter,Cartar,Karter,,,,,,,,,,,,,,,,,,,,,,,,,,,,,,
Carver,,,,,,,,,,,,,,,,,,,,,,,,,,,,,,,,
Carvill,Calfehill,Calfeild,,,,,,,,,,,,,,,,,,,,,,,,,,,,,,
Cass,Casse,,,,,,,,,,,,,,,,,,,,,,,,,,,,,,,
Casson,Cassone,Cassonne,Cassen,Cassane,Caisone,Caston,,,,,,,,,,,,,,,,,,,,,,,,,,
Cassop,Cassope,,,,,,,,,,,,,,,,,,,,,,,,,,,,,,,
Castell,Carstall,Casell,cassell,castle,,,,,,,,,,,,,,,,,,,,,,,,,,,,
Castleton,Castelton,,,,,,,,,,,,,,,,,,,,,,,,,,,,,,,
Catcheside,Catchesid,Catcherside,Catchesyde,Catchesyd,Catchisyde,Catchisid,Catchisie,catchyside,cacheside,,,,,,,,,,,,,,,,,,,,,,,
Catherinwood,,,,,,,,,,,,,,,,,,,,,,,,,,,,,,,,
Catnach,Cattnach,,,,,,,,,,,,,,,,,,,,,,,,,,,,,,,
Caton,Catton,Cawton,Cotton,cotten,Cauton,Cottain,Cottan,,,,,,,,,,,,,,,,,,,,,,,,,
Catterick,Cattericke,Cattrick,Catherick,Cathericke,Cattrik,Cattryck,Cataricke,Cathricke,Cathyericke,Catherwicke,Catthricke,Katherick,Kathericke,Kattrick,,,,,,,,,,,,,,,,,,
Catvell,Catvade,,,,,,,,,,,,,,,,,,,,,,,,,,,,,,,
Caverhill,,,,,,,,,,,,,,,,,,,,,,,,,,,,,,,,
Cawood,Caward,Cawarde,Cawart,Cawerd,Cawert,Coward,Cowarde,Cowarte,Coweard,Cowerd,Cowert,Cowherd,Cowhird,Cowhoord,Cowetheard,Cowetherde,Cowheard,Cowhearde,Cowhord,,,,,,,,,,,,,
Cawthorn,Gawthorn,Cawthorne,Gawthorne,,,,,,,,,,,,,,,,,,,,,,,,,,,,,
Caxton,,,,,,,,,,,,,,,,,,,,,,,,,,,,,,,,
Cesforth,Cassefourth,Cessifourth,cessford,sessford,,,,,,,,,,,,,,,,,,,,,,,,,,,,
Chambers,Chamber,Chambes,Chambres,Chameber,Chamebers,Chamer,Chamers,Chammer,Chamor,Cambers,,,,,,,,,,,,,,,,,,,,,,
Champley,Champlay,Cheplay,,,,,,,,,,,,,,,,,,,,,,,,,,,,,,
Champney,,,,,,,,,,,,,,,,,,,,,,,,,,,,,,,,
Chanlay,chandler,,,,,,,,,,,,,,,,,,,,,,,,,,,,,,,
Chapman,Chepman,Chapham,,,,,,,,,,,,,,,,,,,,,,,,,,,,,,
Chappell,Chapwell,,,,,,,,,,,,,,,,,,,,,,,,,,,,,,,
Chappelow,Chappelowe,Chappellow,Chappellowe,Chappelo,Chappells,,,,,,,,,,,,,,,,,,,,,,,,,,,
Charlebeck,,,,,,,,,,,,,,,,,,,,,,,,,,,,,,,,
Charlton,Charleton,Charatone,,,,,,,,,,,,,,,,,,,,,,,,,,,,,,
Chat,chatt,,,,,,,,,,,,,,,,,,,,,,,,,,,,,,,
Chater,Chator,Chatter,Chaiter,Chaitor,Chaitter,Charter,Chayter,Chaytor,Chayttor,Cheter,,,,,,,,,,,,,,,,,,,,,,
Chatman,Chottman,,,,,,,,,,,,,,,,,,,,,,,,,,,,,,,
Chatta,Chatto,,,,,,,,,,,,,,,,,,,,,,,,,,,,,,,
Chatton,,,,,,,,,,,,,,,,,,,,,,,,,,,,,,,,
Cheesbrough,Cheasbrough,,,,,,,,,,,,,,,,,,,,,,,,,,,,,,,
Chernside,Cherisyde,chirnside,,,,,,,,,,,,,,,,,,,,,,,,,,,,,,
Chessell,Chissell,Chyssell,,,,,,,,,,,,,,,,,,,,,,,,,,,,,,
Chester,,,,,,,,,,,,,,,,,,,,,,,,,,,,,,,,
Chicken,Chickenne,Chickin,Chekin,,,,,,,,,,,,,,,,,,,,,,,,,,,,,
Chilton,Chiltone,Chillton,Chylton,Chelton,Cilton,Chelon,,,,,,,,,,,,,,,,,,,,,,,,,,
Chipchase,Chipchasse,Chipchaise,Chipcheise,Chipches,Chipchess,Chipchesse,Chepchesse,Chipchas,Chypchese,Chipsyde,Chichaise,chipsis,chipses,Chipcis,Chipscis,Chipsey,Chipsie,,,,,,,,,,,,,,,
Chippey,,,,,,,,,,,,,,,,,,,,,,,,,,,,,,,,
Chiswick,Cheswick,,,,,,,,,,,,,,,,,,,,,,,,,,,,,,,
Cholmeley,Cholmlay,Chomley,,,,,,,,,,,,,,,,,,,,,,,,,,,,,,
Chrisop,Chirsopp,Chirsop,kirsop,chrissop,chrisop,kirsopp,chrishope,Gressope,Cressop,Grissope,Kirsoppe,Kissop,Kyrsop,,,,,,,,,,,,,,,,,,,
Christell,crystal,,,,,,,,,,,,,,,,,,,,,,,,,,,,,,,
Christon,Criston,Christan,,,,,,,,,,,,,,,,,,,,,,,,,,,,,,
Christopher,Christofer,Christpofer,Christer,,,,,,,,,,,,,,,,,,,,,,,,,,,,,
Church,,,,,,,,,,,,,,,,,,,,,,,,,,,,,,,,
Churchyard,Chuchart,,,,,,,,,,,,,,,,,,,,,,,,,,,,,,,
Clark,Clarke,Clarck,Clarcke,Clarce,Clerck,Clerk,Clerke,,,,,,,,,,,,,,,,,,,,,,,,,
Clarkson,Clarckson,Clarkeson,Clerkson,Clarson,,,,,,,,,,,,,,,,,,,,,,,,,,,,
Clarvis,Clarvax,Clarvasse,,,,,,,,,,,,,,,,,,,,,,,,,,,,,,
Claxton,Claxtone,Claxtonn,Claxtonne,Claxston,,,,,,,,,,,,,,,,,,,,,,,,,,,,
Clay,,,,,,,,,,,,,,,,,,,,,,,,,,,,,,,,
Clayton,Claiton,Claton,Clatone,Cleton,claydon,,,,,,,,,,,,,,,,,,,,,,,,,,,
Cleasby,Cleasbye,Cleisbey,Cleisbie,Cleysebye,,,,,,,,,,,,,,,,,,,,,,,,,,,,
Clement,Clemant,Clemet,Clemmet,,,,,,,,,,,,,,,,,,,,,,,,,,,,,
Clementson,Clemertson,,,,,,,,,,,,,,,,,,,,,,,,,,,,,,,
Cleveland,,,,,,,,,,,,,,,,,,,,,,,,,,,,,,,,
Cliburn,Clibburn,Clibburne,Clibborne,Clebburne,Cleburn,Clibbron,Clibbrone,Clibbronne,Clibbrun,Clarkburne,,,,,,,,,,,,,,,,,,,,,,
Cliff,Cliffe,Clife,,,,,,,,,,,,,,,,,,,,,,,,,,,,,,
Clifton,Cliffton,Cliftonn,Clyfton,,,,,,,,,,,,,,,,,,,,,,,,,,,,,
Close,Closse,Cloose,,,,,,,,,,,,,,,,,,,,,,,,,,,,,,
Clough,Cloughe,Clowghe,Cleughe,Clughe,Clewghe,Cluth,Clew,cleugh,clue,,,,,,,,,,,,,,,,,,,,,,,
Coates,Coats,Coate,cotes,Cootes,Coots,Cootts,Coot,coutts,Cotes,Cots,Cote,Cotts,Cottes,Coyttes,,,,,,,,,,,,,,,,,,
Coatsworth,Coatsforth,Coatfurth,Cotsworth,Cotforthe,Cotsworthe,Cotesworth,Cotsforth,Cotsfourth,Cotisworth,Coltsforth,Cottysworth,Cottesforth,Cotesforthe,Cotewoth,Cootesworth,Cotesforth,Cottsworth,Cotsforthe,Cotseworth,Cotsfoorth,Cotsford,Cotsfourth,Cotsfourthe,Cotsfurth,Cottseforth,Cottsforth,Cottsworth,Cottysworth,,,,
Cock,Cocke,Cockey,,,,,,,,,,,,,,,,,,,,,,,,,,,,,,
Cockadell,Kokaydell,,,,,,,,,,,,,,,,,,,,,,,,,,,,,,,
Cockbroath,Cockebroathe,,,,,,,,,,,,,,,,,,,,,,,,,,,,,,,
Cocker,coker,,,,,,,,,,,,,,,,,,,,,,,,,,,,,,,
Cockeram,Cougheram,cochran,cochrane,,,,,,,,,,,,,,,,,,,,,,,,,,,,,
Cockerell,Cockrell,Cokkerell ,Cockerelt,Kokerhell,,,,,,,,,,,,,,,,,,,,,,,,,,,,
Cockfield,Cockfielde,Cockfeild,,,,,,,,,,,,,,,,,,,,,,,,,,,,,,
Cocksay,Coksaye,Cocksaie,,,,,,,,,,,,,,,,,,,,,,,,,,,,,,
Cockson,Cocksonne,Cocson,Cockesson,Cokesson,Cokson,Coksonne,Coxon,Coxen,Cookson,Cooksonn,Cooksonne,Cookeson,Coockson,Caksonn,,,,,,,,,,,,,,,,,,
Codling,,,,,,,,,,,,,,,,,,,,,,,,,,,,,,,,
Cogarth,Cogarthe,,,,,,,,,,,,,,,,,,,,,,,,,,,,,,,
Cogdon,Cogden,,,,,,,,,,,,,,,,,,,,,,,,,,,,,,,
Cole,Coale,Coalle,Colle,Coole,Cooll,Coll,Coyll,Coles,Coals,,,,,,,,,,,,,,,,,,,,,,,
Coleman,Collman,Colman,Colmer,,,,,,,,,,,,,,,,,,,,,,,,,,,,,
Coleson,Cooleson,Coolson,Coolsonne,Coulson,Coulsonn,Coullson,Cowlson,Cowlsonn,Cowelson,Cowieson,Cowleson,Cowlesone,Cowlsonne,Cowson,Colson,Colsonne,Collson,Collsonne,Colston,coulston,Cowston,,,,,,,,,,,
Colledge,Colledg,,,,,,,,,,,,,,,,,,,,,,,,,,,,,,,
Collier,Collyer,Colyere,,,,,,,,,,,,,,,,,,,,,,,,,,,,,,
Collin,Colling,Collinge,Colinge,Collen,Collyn,Collyne,Colyn,collins,collings,Cowling,Cowlinge,Cowlyng,,,,,,,,,,,,,,,,,,,,
Collingwood,Collingwoude,Collingwode,Collingwod,Collingewoodd,Collinwod,Collinwode,Collinwood,,,,,,,,,,,,,,,,,,,,,,,,,
Collinson,Collingson,Collison,Collyson,Colison,Colyson,,,,,,,,,,,,,,,,,,,,,,,,,,,
Collworth,Collerwoth,,,,,,,,,,,,,,,,,,,,,,,,,,,,,,,
Colmore,Collenore,,,,,,,,,,,,,,,,,,,,,,,,,,,,,,,
Colpitts,Coalepit,Colpots,Colepots,Cooleput,coalpitts,,,,,,,,,,,,,,,,,,,,,,,,,,,
Colt,Coulte,,,,,,,,,,,,,,,,,,,,,,,,,,,,,,,
Coltman,Coltmane,Cooltman,Coultman,Coultmane,Cowlteman,Cowtman,Cowteman,coatman,coteman,Coutman,Cootman,Coutmane,Cotman,Cottman,,,,,,,,,,,,,,,,,,
Compley,Completo,,,,,,,,,,,,,,,,,,,,,,,,,,,,,,,
Compton,,,,,,,,,,,,,,,,,,,,,,,,,,,,,,,,
Conmen,Conman,,,,,,,,,,,,,,,,,,,,,,,,,,,,,,,
Conn,Con,,,,,,,,,,,,,,,,,,,,,,,,,,,,,,,
Constable,,,,,,,,,,,,,,,,,,,,,,,,,,,,,,,,
Conyers,Conyars,Conyeares,Conyer,Conyeres,Coniers,Sonyers,,,,,,,,,,,,,,,,,,,,,,,,,,
Cook,Cooke,Coock,Coocke,Coke,Couke,Cowke,Koke,Kooke,Kowk,,,,,,,,,,,,,,,,,,,,,,,
Cooly,Coolye,Coolyn,Coullye,Cowley,Cowleye,Cowlie,Cowle,Courle,Cowllye,Cowlye,Cowling,,,,,,,,,,,,,,,,,,,,,
Cooper,Coowper,Couper,Coupper,Cowper,Cowpper,,,,,,,,,,,,,,,,,,,,,,,,,,,
Copeland,Coopeland,Cooplande,Copland,Coplande,Coupland,Couplande,Cowpland,Kowpland,,,,,,,,,,,,,,,,,,,,,,,,
Copper,capper,,,,,,,,,,,,,,,,,,,,,,,,,,,,,,,
Copperthwaite,Copperwhait,Coperwhait,Coppwhait,Copwhait,Coperwa,Copirwookes,,,,,,,,,,,,,,,,,,,,,,,,,,
Coppes,copps,capps,,,,,,,,,,,,,,,,,,,,,,,,,,,,,,
Coppie,Copie,Coppye,Copp,,,,,,,,,,,,,,,,,,,,,,,,,,,,,
Corbell,Corbel,Carbell,,,,,,,,,,,,,,,,,,,,,,,,,,,,,,
Corbet,corbit,corbett,corbitt,,,,,,,,,,,,,,,,,,,,,,,,,,,,,
Corbishley,Curbishley,Corbshilley,,,,,,,,,,,,,,,,,,,,,,,,,,,,,,
corbison,curbison,kirbyson,kerveson,kirvison,Curvison,Curbison,Curbeson,Corbuson,,,,,,,,,,,,,,,,,,,,,,,,
Corbrey,Corberew,,,,,,,,,,,,,,,,,,,,,,,,,,,,,,,
Corbridge,Corbrigg,,,,,,,,,,,,,,,,,,,,,,,,,,,,,,,
Corker,Coker,,,,,,,,,,,,,,,,,,,,,,,,,,,,,,,
Corky,Corklye,,,,,,,,,,,,,,,,,,,,,,,,,,,,,,,
Corner,Cornor,Korne,Carnar,Carner,,,,,,,,,,,,,,,,,,,,,,,,,,,,
Cornforth,Cornforthe,Cornfurth,Corneforth,Corneforthe,cornfoot,,,,,,,,,,,,,,,,,,,,,,,,,,,
Corrie,Corrye,Corro,corry,,,,,,,,,,,,,,,,,,,,,,,,,,,,,
Coterell,catherall,Caterall,Catorall,Catteral,Catterall,Catteril,Cattheril,Cattral,Cattrell,Coltrel,Coteral,Coteril,Cotherall,Cotoral,Cotrall,Cotrel,Cotrell,Cotrill,Cottarl,Cotteral,Cotterall,Cotterel,Cotterell,Cotteriel,Cotteril,Cotterill,Cotterrell,Cottral,Cottrall,Cottrel,Cottrell,Cottrill
Cotney,Cotnay,Coittney,,,,,,,,,,,,,,,,,,,,,,,,,,,,,,
Cottam,Coutoome,Cotam,Cotham,Cottom,,,,,,,,,,,,,,,,,,,,,,,,,,,,
Cottenham,Cotnamye,,,,,,,,,,,,,,,,,,,,,,,,,,,,,,,
Cotnay,Cotney,,,,,,,,,,,,,,,,,,,,,,,,,,,,,,,
Coulthard,Coultard,Coltard,Colterd,Coltehird,Colthead,Coterd,Cotherd,Colthtrod,Coutherde,Couthheard,Cowlthird,Cowterd,Cowterde,Cowtherd,Cowthert,Cowetheard,Cowetherde,coulthird,Cothart,,,,,,,,,,,,,
Coulton,Colton,,,,,,,,,,,,,,,,,,,,,,,,,,,,,,,
Coundon,Condon,,,,,,,,,,,,,,,,,,,,,,,,,,,,,,,
Courte,court,,,,,,,,,,,,,,,,,,,,,,,,,,,,,,,
Covey,Cowvaie,,,,,,,,,,,,,,,,,,,,,,,,,,,,,,,
Cowbrough,Cowbroth,calbreath,galbraith,,,,,,,,,,,,,,,,,,,,,,,,,,,,,
Cowburn,Cowborn,,,,,,,,,,,,,,,,,,,,,,,,,,,,,,,
Cowdy,Coudie,,,,,,,,,,,,,,,,,,,,,,,,,,,,,,,
Cowing,Cowinge,cowen,cowan,cowens,cowans,,,,,,,,,,,,,,,,,,,,,,,,,,,
Cowp,coop,,,,,,,,,,,,,,,,,,,,,,,,,,,,,,,
Coy,Coye,,,,,,,,,,,,,,,,,,,,,,,,,,,,,,,
Coyne,Coying,Coin,coine,,,,,,,,,,,,,,,,,,,,,,,,,,,,,
Cracken,Cracon,,,,,,,,,,,,,,,,,,,,,,,,,,,,,,,
Craddock,Cradock,Cradocke,Cradaw,Cradow,Crawdoe,,,,,,,,,,,,,,,,,,,,,,,,,,,
Cragg,Cragge,Crag,Crage,Craggs,Cragges,Crags,Crages,Crake,Craike,Creake,Gregg,gragg,,,,,,,,,,,,,,,,,,,,
Craggell,Cragell,cragild,cragilt,Crakelt,Craickelt,Craikelt,Craikell,Crackelt,,,,,,,,,,,,,,,,,,,,,,,,
Cramer,Crame,,,,,,,,,,,,,,,,,,,,,,,,,,,,,,,
Cramlington,,,,,,,,,,,,,,,,,,,,,,,,,,,,,,,,
Crane,,,,,,,,,,,,,,,,,,,,,,,,,,,,,,,,
Cranston,,,,,,,,,,,,,,,,,,,,,,,,,,,,,,,,
Crathorne,Crawthorne,Creathorne,,,,,,,,,,,,,,,,,,,,,,,,,,,,,,
Craven,,,,,,,,,,,,,,,,,,,,,,,,,,,,,,,,
Craw,Crawe,Crawes,Crowe,Crow,,,,,,,,,,,,,,,,,,,,,,,,,,,,
Crawford,Crawforth,Crawforthe,Crawfoot,Craufort,Craforthe,Crafurth,Crafurthe,Crawfurth,Crawfurthe,Crowforthe,Crofote,crafford,,,,,,,,,,,,,,,,,,,,
Cray,,,,,,,,,,,,,,,,,,,,,,,,,,,,,,,,
Cream,Ciream,,,,,,,,,,,,,,,,,,,,,,,,,,,,,,,
Creighton,Khreghton,Kreyghton,crichton,,,,,,,,,,,,,,,,,,,,,,,,,,,,,
Cress,Cris,,,,,,,,,,,,,,,,,,,,,,,,,,,,,,,
Cresswell,Creswell,Crisswell,Chriswell,crasswell,,,,,,,,,,,,,,,,,,,,,,,,,,,,
Crilley,Krieley,,,,,,,,,,,,,,,,,,,,,,,,,,,,,,,
Crocket,crockett,,,,,,,,,,,,,,,,,,,,,,,,,,,,,,,
Croft,Crofte,craft,,,,,,,,,,,,,,,,,,,,,,,,,,,,,,
Crofton,Croftone,Croftonne,Crafton ,,,,,,,,,,,,,,,,,,,,,,,,,,,,,
Crombye,cromby,crumby,crummey,crummy,crombie,crumbie,Crowmey,Crome,Cromye,Crowmey,,,,,,,,,,,,,,,,,,,,,,
Crooks,Crook,Crooke,Crookes,Crockes,Croke,Crokes,Croocks,Crucks,Cruikes,Crukes,,,,,,,,,,,,,,,,,,,,,,
Crosby,Crosbye,Crosbey,Crosbie,Croseby,Crosseby,Crossebye,Crostbey,,,,,,,,,,,,,,,,,,,,,,,,,
Crosier,Croser,Crosser,Crosyer,Croyser,Croysser,Croyssier,Crozier,Croiser,Croisere,Croisser,Craisser,grozier,grosier,grocer,Groser,Grosser,Grozer,,,,,,,,,,,,,,,
Crosley,Croslaie,crossley,,,,,,,,,,,,,,,,,,,,,,,,,,,,,,
Crosse,cross,crass,,,,,,,,,,,,,,,,,,,,,,,,,,,,,,
Crosthwaite,Grestwate,Crostwaite,Cowsthwaite,Cowthwaite,Crossthaite,Crosswait,Crosswaite,Crosswaites,Crosswate,Crossthwaite,Croswaite,,,,,,,,,,,,,,,,,,,,,
Croston,Crostone,,,,,,,,,,,,,,,,,,,,,,,,,,,,,,,
Crowley,Growley,Crawley,,,,,,,,,,,,,,,,,,,,,,,,,,,,,,
Culley,Culli,Cullie,Cullye,,,,,,,,,,,,,,,,,,,,,,,,,,,,,
Cummings,Cominge,Comyng,Coming,Comynge,Comying,Comyn,Cumminge,Cuming,Cummin,Cumin,Cumyn,Comminge,Comming,Comehyng,Comin,Commyne,Commings,Cumynge,Cumming,Commyn,cummins,,,,,,,,,,,
Cundall,Coundall,,,,,,,,,,,,,,,,,,,,,,,,,,,,,,,
Cunningham,Cuningham,Cunnyngham,Conhyngam,Coningham,Conningham,Connyngham,Conyngham,,,,,,,,,,,,,,,,,,,,,,,,,
Currey,Curry,Currye,Currie,Curre,Curray,Curye,Curie ,Curra,Curro,currah,Kurray,Kurrey,,,,,,,,,,,,,,,,,,,,
Currier,Curriar,,,,,,,,,,,,,,,,,,,,,,,,,,,,,,,
Curtis,Curtisse,Courtis,Courtys,,,,,,,,,,,,,,,,,,,,,,,,,,,,,
Curwen,curwin,kerwin,,,,,,,,,,,,,,,,,,,,,,,,,,,,,,
Cusick,Quesick,Quisick,Quissick,Qusick,Cusack,,,,,,,,,,,,,,,,,,,,,,,,,,,
Cusson,Cussane,cousin,cousins,,,,,,,,,,,,,,,,,,,,,,,,,,,,,
Cuthbert,Cuthberte,Chutbert,Cuthbart,Cuthbarte,Cutberd,Cutbert,Cutchbert,Cuthbertus,Cutheberd,,,,,,,,,,,,,,,,,,,,,,,
Cuthbertson,Cuthbertsonne,,,,,,,,,,,,,,,,,,,,,,,,,,,,,,,
Cutter,Cutters,Cuttars,,,,,,,,,,,,,,,,,,,,,,,,,,,,,,
