Abbott,Abbot,Abbat,Abbatt,Abbert,Abbet,Abbit,Abit,Abitt,Abott,Ebbit,Ebbutte,Habbat,Habbott,Ibbot,Ibbott,Ebbot,Abbote,Abbut,,,,,,,,,,,,,,,,,
Abbey,Abay,Abba,Abbay,Abbie,Abby,Abey,Aubie,,,,,,,,,,,,,,,,,,,,,,,,,,,,
Abas,Abbass,Abbiss,,,,,,,,,,,,,,,,,,,,,,,,,,,,,,,,,
Abdullah,Abdulla,Abdul,,,,,,,,,,,,,,,,,,,,,,,,,,,,,,,,,
Aberdeen,Abberdeen,Aberdin,,,,,,,,,,,,,,,,,,,,,,,,,,,,,,,,,
Abernethy,Abbernety,Abenethy,Abernatha,Abernathy,Abernelly,Abernethie,Ebernethy,,,,,,,,,,,,,,,,,,,,,,,,,,,,
Abert,Abhoret,Ebert,,,,,,,,,,,,,,,,,,,,,,,,,,,,,,,,,
Abney,Aalbony,Aban,Abaney,Abanny,Abbon,Abeney,Abeny,Abine,Abne,Abone,Albany,Albony,Albanie,Aubenie,Aubne,Aubone,Aubune,Eveny,Albenye,Albone,Alboney,Albonie,Albonne,Albunny,Alburne,Aubanee,Auboney,Awbone,Aubene,Aubeney,Aubeny,Aubine,Aubney,Aubony,Awboney
Albion,Albin,Albon,Aubon,Alben,Albone,Albones,Albonn,Albons,Alborn,Albarn,Alburn,Auben,Albyn,Aubin,Awbone,Aban,Abbon,Abon,Auban,Aubine,Aubone,Aubyne,,,,,,,,,,,,,
Ablett,Abliatt,Ablitt,Eblet,Eblett,Eblit,Eblitt,,,,,,,,,,,,,,,,,,,,,,,,,,,,,
Auburn,Aubern,Alburne,Auborn,Aubourne,Auburne,Awborn,Awburn,Awburne,,,,,,,,,,,,,,,,,,,,,,,,,,,
Albert,Alburt,Aubert,,,,,,,,,,,,,,,,,,,,,,,,,,,,,,,,,
Alby,Allby,Alleby,Allerby,albey,,,,,,,,,,,,,,,,,,,,,,,,,,,,,,,
Abbs,Apps,Aps,Ebbs,,,,,,,,,,,,,,,,,,,,,,,,,,,,,,,,
Abley,Abbley,,,,,,,,,,,,,,,,,,,,,,,,,,,,,,,,,,
Abdon,Abden,Abdin,Ebdon,Ebdin,Ebden,,,,,,,,,,,,,,,,,,,,,,,,,,,,,,
Abel,Abele,Abell,Able,,,,,,,,,,,,,,,,,,,,,,,,,,,,,,,,
Abendshine,Abendshien,Abendschien,Abenshien,,,,,,,,,,,,,,,,,,,,,,,,,,,,,,,,
Abercrombie,Abercromby,,,,,,,,,,,,,,,,,,,,,,,,,,,,,,,,,,
Abingdon,Abenton,Abington,,,,,,,,,,,,,,,,,,,,,,,,,,,,,,,,,
Abdy,Ebdy,,,,,,,,,,,,,,,,,,,,,,,,,,,,,,,,,,
Ableson,Abelson,Abison,,,,,,,,,,,,,,,,,,,,,,,,,,,,,,,,,
Abraham,Abram,Abrams,Ibram,Abrahams,Abrahamson,Abrahamsen,Abramsen,Abramson,Habrahan,,,,,,,,,,,,,,,,,,,,,,,,,,
Absalom,Absolam,Absolem,Absolom,,,,,,,,,,,,,,,,,,,,,,,,,,,,,,,,
Abson,Ebson,,,,,,,,,,,,,,,,,,,,,,,,,,,,,,,,,,
Ackborne,Agborne,,,,,,,,,,,,,,,,,,,,,,,,,,,,,,,,,,
Ackerman,Aakerman,Akerman,Eckerman,Eckermann,,,,,,,,,,,,,,,,,,,,,,,,,,,,,,,
Ackerson,Ackersonne,Ockersen,,,,,,,,,,,,,,,,,,,,,,,,,,,,,,,,,
Ackley,Aikley,Agely,Akeley,,,,,,,,,,,,,,,,,,,,,,,,,,,,,,,,
Ackridge,Ackrig,Ackrigge,Acridge,Acrigg,Akerrigg,Acrerigg,Ayckeridge,Aykrigg,Aykrigge,Aikrigg,Aykerick,Aykrege,Aykryge,Acrigg,Akrigg,,,,,,,,,,,,,,,,,,,,
Ackroyd,Ackrode,Acred,Acroyd,Heycroyd,Ackroid,Ackroy,Acroid,Acrood,Akeroyd,Akroyd,,,,,,,,,,,,,,,,,,,,,,,,,
Acrehead,Ackeritt,Akeritt,,,,,,,,,,,,,,,,,,,,,,,,,,,,,,,,,
Adams,addams,,,,,,,,,,,,,,,,,,,,,,,,,,,,,,,,,,
Adamson,Adamsone,Adameson,Adamsonn,Addamson,Addamsone,Addamsonn,Ademson,Adimson,Adinson,Adhamson,Adampson,Addemsen,Addomson,,,,,,,,,,,,,,,,,,,,,,
Adamthwaite,Adamsthwaite,Adamwaite,,,,,,,,,,,,,,,,,,,,,,,,,,,,,,,,,
Addison,Addisonn,Adison,Adaston,Adston,Addasonn,Adstone,,,,,,,,,,,,,,,,,,,,,,,,,,,,,
Addy,Addye,Addey,Adye,Addie,adey,atty,attey,,,,,,,,,,,,,,,,,,,,,,,,,,,,
Agglande,Agland,Agelande,Iglande,,,,,,,,,,,,,,,,,,,,,,,,,,,,,,,,
Agill,Aglle,,,,,,,,,,,,,,,,,,,,,,,,,,,,,,,,,,
Aiken,Acken,Akin,Acan,,,,,,,,,,,,,,,,,,,,,,,,,,,,,,,,
Ainsley,Ainsleye,Aynsley,Aynsleye,Aynslye,Aynslay,Ayneslaye,Ansley,Ansleye,Anslye,Anesley,Awnsley,Aingley,Ansley,Hingeley,,,,,,,,,,,,,,,,,,,,,
Airson,Airsone,Aireson,Ayreson,Ayresonne,Airesen,Airsom,Airsome,Arson,Airser,Heirson,Heireson,,,,,,,,,,,,,,,,,,,,,,,,
Airyholm,Heryholme,Airyholme,eryholme,,,,,,,,,,,,,,,,,,,,,,,,,,,,,,,,
Aislaby,Ayslaby,Ayslabye,Eislybe,Aglasby,Houslby,Husselbee,Hussellby,Husslebee,,,,,,,,,,,,,,,,,,,,,,,,,,,
Akenhead,Ackinghead,Acenhead,Aconhead,Aickinhead,Aikenhead,Aitkenhead,Akinhead,Akonhead,Hakenhead,,,,,,,,,,,,,,,,,,,,,,,,,,
Akers,Ackers,Aker,,,,,,,,,,,,,,,,,,,,,,,,,,,,,,,,,
Akister,Ackester,Acaster,,,,,,,,,,,,,,,,,,,,,,,,,,,,,,,,,
Alcoke,Aldercok,,,,,,,,,,,,,,,,,,,,,,,,,,,,,,,,,,
Alcorne,alcorn,,,,,,,,,,,,,,,,,,,,,,,,,,,,,,,,,,
Alder,Auder,Alther,Audder,Aweder,,,,,,,,,,,,,,,,,,,,,,,,,,,,,,,
Alderley,Aderlay,Awderley,,,,,,,,,,,,,,,,,,,,,,,,,,,,,,,,,
Alderson,Awderson,,,,,,,,,,,,,,,,,,,,,,,,,,,,,,,,,,
Aldwen,Awdwen,,,,,,,,,,,,,,,,,,,,,,,,,,,,,,,,,,
Alexander,Alixander,Allexander,,,,,,,,,,,,,,,,,,,,,,,,,,,,,,,,,
Allen,Allene,Alen,Allan,Allane,Allon,Alleyne,Allayn,Allanne,Allaine,Alland,,,,,,,,,,,,,,,,,,,,,,,,,
Allerdice,Alderdaye,,,,,,,,,,,,,,,,,,,,,,,,,,,,,,,,,,
Allingman,,,,,,,,,,,,,,,,,,,,,,,,,,,,,,,,,,,
Allison,Allisone,Alason,Aleson,Aleston,Alison,Allason,Allayson,Alleson,Allisonne,Allissone,Allyson,Alyson,Allanson,Alanson,Allansonn,Allansonne,Allandson,Alenson,Allenson,Allinson,Allingson,Allinsonne,Allynson,Allonson,Allens,Allensone,ellison,,,,,,,,
Allmand,Almont,Awmond,Amond,Hawmont,Hawman,,,,,,,,,,,,,,,,,,,,,,,,,,,,,,
Allye,Ale,Alle,,,,,,,,,,,,,,,,,,,,,,,,,,,,,,,,,
Almgill,Aungill,Aumgill,,,,,,,,,,,,,,,,,,,,,,,,,,,,,,,,,
Alnwick,Anwick,Annick,,,,,,,,,,,,,,,,,,,,,,,,,,,,,,,,,
Alton,Altone,,,,,,,,,,,,,,,,,,,,,,,,,,,,,,,,,,
Alwin,Alwinn,Alwaine,Alwyne,Alwen,Alwent,Alwente,Alwand,Alwaind,Alwyn,,,,,,,,,,,,,,,,,,,,,,,,,,
Ambery,Ambry,Ambrye,Amebrye,emery,emory,,,,,,,,,,,,,,,,,,,,,,,,,,,,,,
Ambrose,,,,,,,,,,,,,,,,,,,,,,,,,,,,,,,,,,,
Amler,ambler,,,,,,,,,,,,,,,,,,,,,,,,,,,,,,,,,,
Amos,Ames,Amas,Amers,,,,,,,,,,,,,,,,,,,,,,,,,,,,,,,,
Anderson,Andersone,Andersonn,Andersonne,Aunderson,,,,,,,,,,,,,,,,,,,,,,,,,,,,,,,
Andrew,Andrewe,Andrews,Androwe,Androo,Andro,Andray,Awndrey,,,,,,,,,,,,,,,,,,,,,,,,,,,,
Angeley,Angelley,Angelly,Aingley,Angely,Angilly,Angley,Angly,Ayngeley,Inggely,,,,,,,,,,,,,,,,,,,,,,,,,,
Angle,Aungle,Angell,Anngell,Aingell,Aungles,Angles,Angless,Anglis,Angliss,Ancle,Angells,Angels,Anglas,Anglass,Anngle,Augles,Aungells,Aungels,Aungill,,,,,,,,,,,,,,,,
Angus,Anngas,Angwes,Agnus,,,,,,,,,,,,,,,,,,,,,,,,,,,,,,,,
Annison,Anneson,,,,,,,,,,,,,,,,,,,,,,,,,,,,,,,,,,
Apedaile,apedale,Abdale,ebdale,Abdell,Aipdaile,Aipdaill,Apdaile,Apdaill,Apdale,Apdall,Apdayle,Apedaill,Apedal,Apedayle,Apidaile,Epdaile,Eptill,Ebdell,epdell,Hebdale,Habdale,Abdel,,,,,,,,,,,,,
Appleby,Applebye,Applebie,Applebee,Applebe,Appelbie,Appelby,Appelbye,Appelby,Appelbey,Aplebie,Aplebey,Apleby,Aplebye,Appylby,Apelbe,Aplbe,Appellby,Uppleby,,,,,,,,,,,,,,,,,
Applegarth,,,,,,,,,,,,,,,,,,,,,,,,,,,,,,,,,,,
Appleton,Appelton,Appeltonn,Apeltonn,,,,,,,,,,,,,,,,,,,,,,,,,,,,,,,,
Archbald,Archbalde,Archebald,Archebalde,Archbolde,Archbaud,Archebaud,Archbould,Archbawd,Archbawde,Archybalde,Archball,Archband,Archbad,Archeball,Archebauld,,,,,,,,,,,,,,,,,,,,
Archer,Archere,Archar,Archir,Harcher,,,,,,,,,,,,,,,,,,,,,,,,,,,,,,,
Aree,Are,Arre,Arrie,airey,arey,,,,,,,,,,,,,,,,,,,,,,,,,,,,,,
Argyle,Argell,Argil,Argile,Argill,Arguile,Arguyle,Argyl,Argyll,Airegile,Aygile,Irgile,,,,,,,,,,,,,,,,,,,,,,,,
Arkendale,Arkdel,,,,,,,,,,,,,,,,,,,,,,,,,,,,,,,,,,
Arkin,Arrcan,,,,,,,,,,,,,,,,,,,,,,,,,,,,,,,,,,
Arkle,Arkell,Arkill,Arcle,Arckell,Arekell,Argle,Archell,Arkylle,Arkele,,,,,,,,,,,,,,,,,,,,,,,,,,
Arkley,Arckley,Arckly,Arcklye,,,,,,,,,,,,,,,,,,,,,,,,,,,,,,,,
Armatt,Armente,,,,,,,,,,,,,,,,,,,,,,,,,,,,,,,,,,
Armorer,Armeror,Armeryr,armour,armor,,,,,,,,,,,,,,,,,,,,,,,,,,,,,,,
Armstrong,Armstronge,Armestrong,Armestronge,Armstrange,Armestrange,Armestong,Armestonge,Ermstrong,Harmstrong,,,,,,,,,,,,,,,,,,,,,,,,,,
Arnold,,,,,,,,,,,,,,,,,,,,,,,,,,,,,,,,,,,
Arnot,Arnott,Arnet,Arnett,,,,,,,,,,,,,,,,,,,,,,,,,,,,,,,,
Arras,Arres,Arris,,,,,,,,,,,,,,,,,,,,,,,,,,,,,,,,,
Arrow,Arrowe,Arroe,Arrowes,Arrows,,,,,,,,,,,,,,,,,,,,,,,,,,,,,,,
Arrowsmith,Arrowsmithe,Arrowsmyth,Arrowsmythe,Arowsmith,Arrosmith,Arrosmyth,Arrosmythe,Arosmith,Arrasmith,Arrasmyth,Arrasmythe,Arasmyth,Arasmythe,Arawsmyth,Arroldsmith,Harrasmith,Harosmythe,Harrasmyth,,,,,,,,,,,,,,,,,
Arthur,Arther,Arthra,aurther,auther,Airthur,Arter,Artha,Arthar,Arthure,Arthurs,Arthy,Author,Authur,Awther,Arthra,,,,,,,,,,,,,,,,,,,,
Arundel,Arundell,Arrundell,Arendell,Arrndell,Arindaylle,Arrendale,arundale,Arringdayle,,,,,,,,,,,,,,,,,,,,,,,,,,,
Asball,,,,,,,,,,,,,,,,,,,,,,,,,,,,,,,,,,,
Asbrige,Aspige,Aspridge,Aspringe,Asprige,Aspidge,,,,,,,,,,,,,,,,,,,,,,,,,,,,,,
Asgill,Aiskell,Askell,Askgill,Ashgill,,,,,,,,,,,,,,,,,,,,,,,,,,,,,,,
Ashley,Asheley,,,,,,,,,,,,,,,,,,,,,,,,,,,,,,,,,,
Ashner,asner,,,,,,,,,,,,,,,,,,,,,,,,,,,,,,,,,,
Ashton,Eshton,aston,,,,,,,,,,,,,,,,,,,,,,,,,,,,,,,,,
Ashwell,,,,,,,,,,,,,,,,,,,,,,,,,,,,,,,,,,,
Askew,Askewe,Askue,Askay,Ascugh,Askell,Ascoughe,Askey,Wascoe,Weskow,Weskowe,Wascow,Wascrie,Wescow,Wescowe,Waskew,Waskey,Wascer,Waskoe,Wascow,Wascue,Waskay ,Waske,Wasker,Waskew,Waskey,Waskin,Wasko,Waskoe,,,,,,,
Askrige,Ascigge,Astrigg,Astrig,Eskrick,Eskrige,,,,,,,,,,,,,,,,,,,,,,,,,,,,,,
Aslebrough,Asselbrough,Axlebrough,Axelbrough,Axleborough,Axwellbrugh,Aislebrough,Aseborough,Aselbrough,Asleborough,Hasselbrough,Asslebrough,Asslebruf,Astlebrough,Azaelbrough,Haselbroff,Hazleworth,Hazelbrough,,,,,,,,,,,,,,,,,,
Aspell,Esspell,,,,,,,,,,,,,,,,,,,,,,,,,,,,,,,,,,
Asquith,Askwith,,,,,,,,,,,,,,,,,,,,,,,,,,,,,,,,,,
Assendale,Assandale,Asondale,,,,,,,,,,,,,,,,,,,,,,,,,,,,,,,,,
Asteley,Astley,,,,,,,,,,,,,,,,,,,,,,,,,,,,,,,,,,
Athdell,,,,,,,,,,,,,,,,,,,,,,,,,,,,,,,,,,,
Ather,Aather,Aither,Ater,Atha,Ader,Athur,Ayther,Aythur,Athara,Athera,Athray,Authray,,,,,,,,,,,,,,,,,,,,,,,
Athy,Athye,Atthy,Athie,Atthie,Aththe,Athee,Athey,Arthy,Athae,Athe,Athray,Adthie,Adthye,Atty,Attey,Adthy,,,,,,,,,,,,,,,,,,,
Atkins,Attkins,Atkin,Atkyn,Atchin,,,,,,,,,,,,,,,,,,,,,,,,,,,,,,,
Atkinson,Atkinsonn,Atkinsonne,Atkenson,Atkingson,Atkingsone,Atckinson,Atkynson,Atkyson,Aykeyson,Atkeson,Atkinside,Akinside,Akinson,Akynsyd,Akison,Atcheson,Atchesone,Atchesonne,Atchison,Atcyson,Acheson,Achison,Atchinson,Atchynson,Achinson,Atchyson,Ackinson,Ackisson,Acktison,,,,,,
Attforthe,,,,,,,,,,,,,,,,,,,,,,,,,,,,,,,,,,,
Attis,Attesse,Atus,Aitas,Aytas,Ettes,Ettis,Ettesse,Ettiss,,,,,,,,,,,,,,,,,,,,,,,,,,,
Auber,,,,,,,,,,,,,,,,,,,,,,,,,,,,,,,,,,,
Awbrey,Abrey,Aubrey,Abury,Abery,,,,,,,,,,,,,,,,,,,,,,,,,,,,,,,
Auchincloss,Ackenclose,Ackinclose,Ackincloss,Achincloss,,,,,,,,,,,,,,,,,,,,,,,,,,,,,,,
Auckland,Ackeland,Ackland,Acland,Aclan,Acklam,Akeland,,,,,,,,,,,,,,,,,,,,,,,,,,,,,
Audston,Audstone,Awdston,,,,,,,,,,,,,,,,,,,,,,,,,,,,,,,,,
Audus,Awdis,Awders,Audas,Audes,Audess,Audice,Audis,Audiss,Audos,Awdos,Audoss,,,,,,,,,,,,,,,,,,,,,,,,
Augustine,Agustine,,,,,,,,,,,,,,,,,,,,,,,,,,,,,,,,,,
Auld,Aulde,Aude,Aud,Awld,Awd,Awde,Awed,Ald,Alde,Allde,old,Audd,Awlde,Odd,Olde,Ould,Oulde,Owde,,,,,,,,,,,,,,,,,
Aungiers,Anngiers,,,,,,,,,,,,,,,,,,,,,,,,,,,,,,,,,,
Austin,Austine,Austen,Awston,Awstyne,Aiston,,,,,,,,,,,,,,,,,,,,,,,,,,,,,,
Avintan,,,,,,,,,,,,,,,,,,,,,,,,,,,,,,,,,,,
Awdwood,Audwood,Ardwood,Adwart,Adwod,Audwoode,Atwood,Attwood,Awdwod,Awdwoode,,,,,,,,,,,,,,,,,,,,,,,,,,
Awghert,,,,,,,,,,,,,,,,,,,,,,,,,,,,,,,,,,,
Ayre,Arye,Ayer,Ayere,Ayr,Aire,Aier,Ayrie,Are,eyre,,,,,,,,,,,,,,,,,,,,,,,,,,
Ayton,Aiton,Aton,Aden,aydon,,,,,,,,,,,,,,,,,,,,,,,,,,,,,,,
