Harniston,Orniston,Ornston,Arniston,Herniston,Harnson,Harnston,Hurnson,Arnison,Arnason,Arneson,Arniston,Arnson,,,,,,,,,,,,,,,,,,,,,,,,,,,,,,,,,
Hogbin,Hogben,Ogbine,Ogburn,Hogburn,,,,,,,,,,,,,,,,,,,,,,,,,,,,,,,,,,,,,,,,,
Hogden,Ogden,Hogdon,Hogton,Ogdon,Ougden,,,,,,,,,,,,,,,,,,,,,,,,,,,,,,,,,,,,,,,,
Oak,Oake,Oakes,Oaks,Okes,Ookes,Owke,Uaks,Aukes,,,,,,,,,,,,,,,,,,,,,,,,,,,,,,,,,,,,,
Oakley,Okly,,,,,,,,,,,,,,,,,,,,,,,,,,,,,,,,,,,,,,,,,,,,
Ocheltrie,Ocheltree,Ochiltree,Ochiltrie,Ogletree,,,,,,,,,,,,,,,,,,,,,,,,,,,,,,,,,,,,,,,,,
Ogen,Ogene,,,,,,,,,,,,,,,,,,,,,,,,,,,,,,,,,,,,,,,,,,,,
Ogle,Oggle,Ogell,Oggell,Oglle,Owgle,Ogles,okell,Oagle,Ogal,Ogalle,Ogel,Oggall,Oggell,Oggle,Ogil,Ogill,Ogirl,Ogles,Ogley,Oglles,Ogly,Owgle,Oygle,,,,,,,,,,,,,,,,,,,,,,
Ogleby,Ogelby,Ogilvie,Ogilby,Ogilvy,Aglebye,Agelby,Aglasby,oglesby,Aglebey,Aglebie,Aglobee,Augelby,oglevie,oglevy,Eagleby,Hagleby,Hoglevie,Oagleby,Ogalbe,Ogalby,Ogeby,Ogelbe,Ogelbye,Ogellbey,Ogelve,Ogelvie,Ogelvy,Oggelenby,Oggleby,Ogglevby,Ogglive,Ogilbe,Ogilbie,Ogilivie,Ogilsby,Ogilvey,Oglebe,Oglebey,Oglebie,Oglesbey,Oglesby,Ogliby,Oglionsby,Oglivie,Ogolbey
Oglethorpe,Oglesthorp,Hogglethorp,Oglethorp,,,,,,,,,,,,,,,,,,,,,,,,,,,,,,,,,,,,,,,,,,
Okey,Oakey,,,,,,,,,,,,,,,,,,,,,,,,,,,,,,,,,,,,,,,,,,,,
Oliphant,Olivant,,,,,,,,,,,,,,,,,,,,,,,,,,,,,,,,,,,,,,,,,,,,
Oliver,Ollever,Ollivell,Olliver,Ollyver,Olver,Olever,Olyvell,Olyver,,,,,,,,,,,,,,,,,,,,,,,,,,,,,,,,,,,,,
Omand,Omond,Orman,Ormond,Ormand,Ormon,Ormonde,,,,,,,,,,,,,,,,,,,,,,,,,,,,,,,,,,,,,,,
Oram,Oran,Orm,Orme,,,,,,,,,,,,,,,,,,,,,,,,,,,,,,,,,,,,,,,,,,
Orbine,Orabyne,,,,,,,,,,,,,,,,,,,,,,,,,,,,,,,,,,,,,,,,,,,,
Ord,Orde,Oard,Oarde,Ould,Ourd,Ourde,Owrde,Hoorde,Hourd,Hoord,Hord,Hourde,Horde,Urde,,,,,,,,,,,,,,,,,,,,,,,,,,,,,,,
Orford,Orefeld,,,,,,,,,,,,,,,,,,,,,,,,,,,,,,,,,,,,,,,,,,,,
Orgett,Oarget,Oorget,Oorged,,,,,,,,,,,,,,,,,,,,,,,,,,,,,,,,,,,,,,,,,,
Orlen,orland,,,,,,,,,,,,,,,,,,,,,,,,,,,,,,,,,,,,,,,,,,,,
Ormerod,Ormorod,Ormrod,Ormroyd,,,,,,,,,,,,,,,,,,,,,,,,,,,,,,,,,,,,,,,,,,
Ormondby,Ormanby,,,,,,,,,,,,,,,,,,,,,,,,,,,,,,,,,,,,,,,,,,,,
Ormsby,Ormesby,Ornesby,Ormsbey,Ornsby,hornsby,Ormby,Ormsbe,,,,,,,,,,,,,,,,,,,,,,,,,,,,,,,,,,,,,,
Ormshaw,Ormisher,,,,,,,,,,,,,,,,,,,,,,,,,,,,,,,,,,,,,,,,,,,,
Ormstead,Ompstead,,,,,,,,,,,,,,,,,,,,,,,,,,,,,,,,,,,,,,,,,,,,
Ormston,Ormiston,Harmiston,Harmeston,Ormistone,Hermston,Harmston,Omston,Ormeson,Ormeston,Ormestone,Ormson,Ormieston,Ormstone,Owmson,Urmiston,Urmson,Armston,Harmson,Hermeston,Hermiston,Hermitson,Hermston,Hormston,Harmenson,Harminson,Harmison,Hermansen,Hermanson,Armison,,,,,,,,,,,,,,,,
Orr,Orre,Ore,Ure,Urre,Orey,Urrey,Eure,Urr,,,,,,,,,,,,,,,,,,,,,,,,,,,,,,,,,,,,,
Orrens,Orance,Urrance,Urrans,Oran,Uran,Urans,Urn,Urron,Urran,Urens,Urren,Urrens,Urrence,Urrin,Urring,Orron,Urrons,Urwins,Erinn,Orwens,Urin,Urwans,Urwens,orwin,urwin,,,,,,,,,,,,,,,,,,,,
Orton,oughton,Yowton,Owton,Youton,Yoytton,,,,,,,,,,,,,,,,,,,,,,,,,,,,,,,,,,,,,,,,
Osbaldiston,Osbaldestone,Osbaldeston,Osbaldestine,Osbaldestin,Osbaldestein,Osbalderstone,Osbiston,,,,,,,,,,,,,,,,,,,,,,,,,,,,,,,,,,,,,,
Osborne,Osbourne,Osbborne,osborn,Osband,Osbon,Osbourn,Osbrown,Osburn,Osburne,Ousburn,,,,,,,,,,,,,,,,,,,,,,,,,,,,,,,,,,,
Ostle,Ostell,Osle,Ostel,Austell,Ostill,Astall,Astel,Astell,Astill,Astle,Oxel,,,,,,,,,,,,,,,,,,,,,,,,,,,,,,,,,,
Oswald,Oswold,Oswould,oswell,Uswald,Uswell,Uswould,Oxwel,Oxwell,,,,,,,,,,,,,,,,,,,,,,,,,,,,,,,,,,,,,
Otterson,Outterson,Utterson,Outerson,Utterstone,Auderson,,,,,,,,,,,,,,,,,,,,,,,,,,,,,,,,,,,,,,,,
Ottrington,otterington,Uttrington,Uttringtone,,,,,,,,,,,,,,,,,,,,,,,,,,,,,,,,,,,,,,,,,,
Ovington,Oventon,Owenton,Owington,Owinton,,,,,,,,,,,,,,,,,,,,,,,,,,,,,,,,,,,,,,,,,
Owen,Oweing,Owens,ewen,ewens,Oan,Oien,One,Onn,Owan,Oweings,Owin,Owns,,,,,,,,,,,,,,,,,,,,,,,,,,,,,,,,,
Owler,Owheler,,,,,,,,,,,,,,,,,,,,,,,,,,,,,,,,,,,,,,,,,,,,
Oxenard,Oxenheard,oxnard,Oxnett,Oxnet,Oxenet,,,,,,,,,,,,,,,,,,,,,,,,,,,,,,,,,,,,,,,,
Oxley,Oaksley,Axley,Exley,Oxeley,Oxla,Oxlee,Oxlow,Oxly,,,,,,,,,,,,,,,,,,,,,,,,,,,,,,,,,,,,,
Osman,Osmond,Orsman,,,,,,,,,,,,,,,,,,,,,,,,,,,,,,,,,,,,,,,,,,,
Austerfield,Osterfield,,,,,,,,,,,,,,,,,,,,,,,,,,,,,,,,,,,,,,,,,,,,
Astrop,Astroph,Astrough,,,,,,,,,,,,,,,,,,,,,,,,,,,,,,,,,,,,,,,,,,,
Oxenholme,Oxenham,,,,,,,,,,,,,,,,,,,,,,,,,,,,,,,,,,,,,,,,,,,,
Oxland,Oxlin,Oxling,,,,,,,,,,,,,,,,,,,,,,,,,,,,,,,,,,,,,,,,,,,
Hara,Ohara,Harrah,Oarrah,OHaro,OHair,OHare,OHarra,Oharrow,OHear,OHeir,,,,,,,,,,,,,,,,,,,,,,,,,,,,,,,,,,,
OGara,OGarrow,,,,,,,,,,,,,,,,,,,,,,,,,,,,,,,,,,,,,,,,,,,,
