Mabane,Maban,McBaine,McBain,McBane,McBains,McBaines,Mcbane,Mabaine,Maben,Mabin,Mabon,Mabone,Maybane,Maybone,,,,,,,,,,,,,,,,,,,,,,,,,,,,,,,,,,,,,,,,,,,,
Mabbett,Mabbut,Mabbutt,,,,,,,,,,,,,,,,,,,,,,,,,,,,,,,,,,,,,,,,,,,,,,,,,,,,,,,,
Mabbs,Mabb,,,,,,,,,,,,,,,,,,,,,,,,,,,,,,,,,,,,,,,,,,,,,,,,,,,,,,,,,
Mabell,Mabble,Mable,Mabel,Maybell,Maple,Maples,,,,,,,,,,,,,,,,,,,,,,,,,,,,,,,,,,,,,,,,,,,,,,,,,,,,
Mabelson,Mableson,,,,,,,,,,,,,,,,,,,,,,,,,,,,,,,,,,,,,,,,,,,,,,,,,,,,,,,,,
Mabron,Mabryon,,,,,,,,,,,,,,,,,,,,,,,,,,,,,,,,,,,,,,,,,,,,,,,,,,,,,,,,,
Mabson,Mabsonn,,,,,,,,,,,,,,,,,,,,,,,,,,,,,,,,,,,,,,,,,,,,,,,,,,,,,,,,,
Maby,Mabye,Mabay,Mabby,Mabey,,,,,,,,,,,,,,,,,,,,,,,,,,,,,,,,,,,,,,,,,,,,,,,,,,,,,,
Macclesfield,Mackerfield,,,,,,,,,,,,,,,,,,,,,,,,,,,,,,,,,,,,,,,,,,,,,,,,,,,,,,,,,
Mace,Maisse,Mais,Meysse,,,,,,,,,,,,,,,,,,,,,,,,,,,,,,,,,,,,,,,,,,,,,,,,,,,,,,,
Mackerell,Mackrell,Markerell,Macherel,MacKarell,Mackerall,Mackerel,Mackerill,Mackrall,Mackreal,Mackrel,Makrel,Muckrel,,,,,,,,,,,,,,,,,,,,,,,,,,,,,,,,,,,,,,,,,,,,,,
Mackribye,Macrobie,Macruby,McRobie,,,,,,,,,,,,,,,,,,,,,,,,,,,,,,,,,,,,,,,,,,,,,,,,,,,,,,,
Mackridge,Mackerick,Mackerag,Markeriche,Makarigg,Makridge,Mackaridge,Mackeradge,Mackerich,Mackerish,Mackredge,Mackrig,,,,,,,,,,,,,,,,,,,,,,,,,,,,,,,,,,,,,,,,,,,,,,,
Macron,McCrone,Crone,MacCroane,McCroene,McCron,McGron,Mekrone,,,,,,,,,,,,,,,,,,,,,,,,,,,,,,,,,,,,,,,,,,,,,,,,,,,
Maddison,Maddisone,Maddisonn,Maddisonne,Maddisson,Maddissonne,Madason,Maddeson,Madison,Madisonn,Maddyson,Maderson,Madinsonne,Madson,,,,,,,,,,,,,,,,,,,,,,,,,,,,,,,,,,,,,,,,,,,,,
Maddy,Madye,Maidye,,,,,,,,,,,,,,,,,,,,,,,,,,,,,,,,,,,,,,,,,,,,,,,,,,,,,,,,
Mader,Maider,Mather,,,,,,,,,,,,,,,,,,,,,,,,,,,,,,,,,,,,,,,,,,,,,,,,,,,,,,,,
Madley,Meadley,Madeley,Madelly,Madly,Medealy,Maidley,Maudley,Meadly,Medley,Medly,,,,,,,,,,,,,,,,,,,,,,,,,,,,,,,,,,,,,,,,,,,,,,,,
Maudsley,Mawdsley,Maudley,,,,,,,,,,,,,,,,,,,,,,,,,,,,,,,,,,,,,,,,,,,,,,,,,,,,,,,,
Main,mayne,mains,maine,Maen,Mane,Mayn,Mayon,Mean,Mein,Meins,Mien,,,,,,,,,,,,,,,,,,,,,,,,,,,,,,,,,,,,,,,,,,,,,,,
Maislet,Masslet,Meslet,Messlet,Misslet,Misslett,,,,,,,,,,,,,,,,,,,,,,,,,,,,,,,,,,,,,,,,,,,,,,,,,,,,,
Maitland,Matland,Matlane,Mautland,Mawtland,,,,,,,,,,,,,,,,,,,,,,,,,,,,,,,,,,,,,,,,,,,,,,,,,,,,,,
Mallabar,Mallebar,Mallyper,Malleper,Malypere,Malliver,,,,,,,,,,,,,,,,,,,,,,,,,,,,,,,,,,,,,,,,,,,,,,,,,,,,,
Mallaby,Mallabe,Malbye,Mallerbey,Malbie,Mallabee,,,,,,,,,,,,,,,,,,,,,,,,,,,,,,,,,,,,,,,,,,,,,,,,,,,,,
Mallam,Mallem,Mallum,Malam,Mallam,Mellame,Mallon,Mallen,Malen,,,,,,,,,,,,,,,,,,,,,,,,,,,,,,,,,,,,,,,,,,,,,,,,,,
Malland,Maland,Malande,Mallans,Mallon,Mallen,Malen,Malling,Maline,Mallaine,Mayland,,,,,,,,,,,,,,,,,,,,,,,,,,,,,,,,,,,,,,,,,,,,,,,,
Malliburn,Mallaburne,Malleburne,Maloburne,Malowburne,Malebourne,Malebrowne,Malibourne,Malleborne,Malliboure,Mallibourne,Mallobourne,Mallowborne,Mallowbourne,Maloubourne,Malowborne,Malborne,Mellobourne,,,,,,,,,,,,,,,,,,,,,,,,,,,,,,,,,,,,,,,,,
Mallory,Malarye,,,,,,,,,,,,,,,,,,,,,,,,,,,,,,,,,,,,,,,,,,,,,,,,,,,,,,,,,
Mallot,Mallert,Malert,,,,,,,,,,,,,,,,,,,,,,,,,,,,,,,,,,,,,,,,,,,,,,,,,,,,,,,,
Maltman,Maltiman,Mattmen,Matmin,,,,,,,,,,,,,,,,,,,,,,,,,,,,,,,,,,,,,,,,,,,,,,,,,,,,,,,
Maltby,Maltbye,Maltbie,Malteby,Maltbey,Maltbe,Mawltby,Mawltbye,Maultbye,Mawtby,mautby,Maltybye,Matby,Matbye,Matbie,Matbee,Matebye,Maultbe,Maultbey,Maultbie,Maultby,Mautbe,Mautbie,Mauteby,Mulby,,,,,,,,,,,,,,,,,,,,,,,,,,,,,,,,,,
Mammon,Mamman,,,,,,,,,,,,,,,,,,,,,,,,,,,,,,,,,,,,,,,,,,,,,,,,,,,,,,,,,
Manclark,Manclarke,Manlark,,,,,,,,,,,,,,,,,,,,,,,,,,,,,,,,,,,,,,,,,,,,,,,,,,,,,,,,
Mandell,Mandall,Mandel,Mundell,Mandale,Mandill,Mandwell,,,,,,,,,,,,,,,,,,,,,,,,,,,,,,,,,,,,,,,,,,,,,,,,,,,,
Mandeville,Manderville,Mandivel,Mandivelle,Manwell,,,,,,,,,,,,,,,,,,,,,,,,,,,,,,,,,,,,,,,,,,,,,,,,,,,,,,
Maneylaws,Manelow,Manelaws,Manelowes,Manilaus,Manilaws,Manylawns,Manylawn,Manylaws,Menilaus,Menilaws,,,,,,,,,,,,,,,,,,,,,,,,,,,,,,,,,,,,,,,,,,,,,,,,
Manfield,Manfeild,Mandefield,Manderfield,,,,,,,,,,,,,,,,,,,,,,,,,,,,,,,,,,,,,,,,,,,,,,,,,,,,,,,
Manger,Moungay,Maungy,Maingay,Maingeye,mainger,,,,,,,,,,,,,,,,,,,,,,,,,,,,,,,,,,,,,,,,,,,,,,,,,,,,,
Mangle,Mangles,Mangal,Mangels,,,,,,,,,,,,,,,,,,,,,,,,,,,,,,,,,,,,,,,,,,,,,,,,,,,,,,,
Manley,Manaly,Manly,,,,,,,,,,,,,,,,,,,,,,,,,,,,,,,,,,,,,,,,,,,,,,,,,,,,,,,,
Mann,Manne,Man,,,,,,,,,,,,,,,,,,,,,,,,,,,,,,,,,,,,,,,,,,,,,,,,,,,,,,,,
Mansell,Mancel,Mancell,Mansel,,,,,,,,,,,,,,,,,,,,,,,,,,,,,,,,,,,,,,,,,,,,,,,,,,,,,,,
Mantle,Mantyll,Mantell,,,,,,,,,,,,,,,,,,,,,,,,,,,,,,,,,,,,,,,,,,,,,,,,,,,,,,,,
Manuel,Manuell,Manwell,Mannuell,Menwell,emanuel,immanuel,Maniwell,Manewell,Mannewell,Mannual,Mannuall,Mannuel,Mannuell,Mannwell,Mandwell,,,,,,,,,,,,,,,,,,,,,,,,,,,,,,,,,,,,,,,,,,,
Meynell,Manell,Mannal,Mannall,Mannel,Mannell,Manole,mennell,Mainell,Mannel,Maynell,Menald,Menel,Menell,Mennel,Mennell,Meynall,Meynel,Meynil,Meynill,Mynell,Mennels,Meynells,Meynels,Mennells,,,,,,,,,,,,,,,,,,,,,,,,,,,,,,,,,,
Mapplethorpe,Mablethorpe,Maplethorpe,Mapletop,Mapletoft,Mappletoff,,,,,,,,,,,,,,,,,,,,,,,,,,,,,,,,,,,,,,,,,,,,,,,,,,,,,
March,Marche,Marsh,,,,,,,,,,,,,,,,,,,,,,,,,,,,,,,,,,,,,,,,,,,,,,,,,,,,,,,,
Marchant,Marchn,Merchn,merchant,Murchant,Muchant,,,,,,,,,,,,,,,,,,,,,,,,,,,,,,,,,,,,,,,,,,,,,,,,,,,,,
Markham,Markam,Markeham,Marckam,Markom,Marchcum,Mercum,Marchem,Michame,Markin,Mawken,,,,,,,,,,,,,,,,,,,,,,,,,,,,,,,,,,,,,,,,,,,,,,,,
Marley,Marlay,Marlee,Marlie,Marloy,Marly,Marlye,Merlay,Merleye,,,,,,,,,,,,,,,,,,,,,,,,,,,,,,,,,,,,,,,,,,,,,,,,,,
Marleyman,Marlyman,,,,,,,,,,,,,,,,,,,,,,,,,,,,,,,,,,,,,,,,,,,,,,,,,,,,,,,,,
Marmaduke,Marmaduck,Marmaducke,,,,,,,,,,,,,,,,,,,,,,,,,,,,,,,,,,,,,,,,,,,,,,,,,,,,,,,,
Marr,Mar,Mare,,,,,,,,,,,,,,,,,,,,,,,,,,,,,,,,,,,,,,,,,,,,,,,,,,,,,,,,
Machell,Machall,Maichall,Machael,Machaell,Machal,Machel,Machiall,Machil,Machill,Maitchell,Matchell,,,,,,,,,,,,,,,,,,,,,,,,,,,,,,,,,,,,,,,,,,,,,,,
Marshall,Marshal,Marshell,Marshiall,Marsshell,Marchell,Mershall,Mershell,marchal,Martial,Marchiall,Marchall,Marchel,Marchill,Marchshall,Marcshell,Mirchell,,,,,,,,,,,,,,,,,,,,,,,,,,,,,,,,,,,,,,,,,,
Marshead,Marshaed,,,,,,,,,,,,,,,,,,,,,,,,,,,,,,,,,,,,,,,,,,,,,,,,,,,,,,,,,
Martin,Marten,Martine,Marting,Marton,Martyn,Martyne,Martynne,Morton,Mortone,Mortonn,Mortton,Mourton,Murton,Marden,,,,,,,,,,,,,,,,,,,,,,,,,,,,,,,,,,,,,,,,,,,,
Martindale,Martindaile,Martindaill,Martindall,Martingdell,Martyndaill,Martyndall,Martyndill,Markendall,Marckyndale,Markyndall,Mertindaill,,,,,,,,,,,,,,,,,,,,,,,,,,,,,,,,,,,,,,,,,,,,,,,
Marwood,Marwoode,Marwhode,,,,,,,,,,,,,,,,,,,,,,,,,,,,,,,,,,,,,,,,,,,,,,,,,,,,,,,,
Maslegin,Maslygen,Maslyion,Masseljoyne,Mashelgin,Maslegine,Massalgin,Masselgim,Massilgham,,,,,,,,,,,,,,,,,,,,,,,,,,,,,,,,,,,,,,,,,,,,,,,,,,
Mason,Maison,Maisonn,Maisonne,Mayson,Maysson,,,,,,,,,,,,,,,,,,,,,,,,,,,,,,,,,,,,,,,,,,,,,,,,,,,,,
Massam,Masam,Mossom,Mossam,,,,,,,,,,,,,,,,,,,,,,,,,,,,,,,,,,,,,,,,,,,,,,,,,,,,,,,
Massey,Massie,Massye,,,,,,,,,,,,,,,,,,,,,,,,,,,,,,,,,,,,,,,,,,,,,,,,,,,,,,,,
Masterley,Maisterley,,,,,,,,,,,,,,,,,,,,,,,,,,,,,,,,,,,,,,,,,,,,,,,,,,,,,,,,,
Masterman,Maisterman,Maysterman,Misterman,,,,,,,,,,,,,,,,,,,,,,,,,,,,,,,,,,,,,,,,,,,,,,,,,,,,,,,
Matfin,Matphin,Matphen,Mathpen,Matfen,,,,,,,,,,,,,,,,,,,,,,,,,,,,,,,,,,,,,,,,,,,,,,,,,,,,,,
Matheson,Mathason,Mathson,Matthewson,Mathewson,Matteson,Mattison,Materson,Matheison,Matherson,Matherston,Mathieson,Mathinson,Mathison,Matinson,Matson,Matterson,Mattesonn,Mattheson,Matthewison,Matthieson,Matthinson,Matthison,Mattieson,Mattinson,Mattsen,Mattson,,,,,,,,,,,,,,,,,,,,,,,,,,,,,,,,
Mathey,Maithee,Mathie,Matthie,Mattey,Matty,,,,,,,,,,,,,,,,,,,,,,,,,,,,,,,,,,,,,,,,,,,,,,,,,,,,,
Mather,Matter,Mader,,,,,,,,,,,,,,,,,,,,,,,,,,,,,,,,,,,,,,,,,,,,,,,,,,,,,,,,
Matthew,Mathew,Mathewe,Mathews,Matthews,Madders,Maddews,Maders,Mathas,Mathees,Mathers,Mathes,Mathewes,Mathias,Mathis,Maththow,Mathus,Matress,Matters,Mattews,Matthas,Matthens,Matthers,Matthes,Matthewe,Matthewes,Matthias,Matthis,Matthowes,Mattors,Mattrass,Mawters,Metters,,,,,,,,,,,,,,,,,,,,,,,,,,
Matthewman,Mathewman,,,,,,,,,,,,,,,,,,,,,,,,,,,,,,,,,,,,,,,,,,,,,,,,,,,,,,,,,
Maude,Mawd,,,,,,,,,,,,,,,,,,,,,,,,,,,,,,,,,,,,,,,,,,,,,,,,,,,,,,,,,
Maughan,Maughen,Maugham,Mawghan,Mawgham,Maugham,Mawgham,Mawghan,Mawghn,Mawhan,Mawhen,Mawhene,Marwen,Malne,Maham,maffin,maffam,,,,,,,,,,,,,,,,,,,,,,,,,,,,,,,,,,,,,,,,,,
Mauleverer,Mauliverer,Maulivuer,Malliver,,,,,,,,,,,,,,,,,,,,,,,,,,,,,,,,,,,,,,,,,,,,,,,,,,,,,,,
Maund,Maunde,,,,,,,,,,,,,,,,,,,,,,,,,,,,,,,,,,,,,,,,,,,,,,,,,,,,,,,,,
Mauston,Moston,mawston,,,,,,,,,,,,,,,,,,,,,,,,,,,,,,,,,,,,,,,,,,,,,,,,,,,,,,,,
Mavin,Mavine,Mavyn,,,,,,,,,,,,,,,,,,,,,,,,,,,,,,,,,,,,,,,,,,,,,,,,,,,,,,,,
Maxforth,Maxford,Mackford,,,,,,,,,,,,,,,,,,,,,,,,,,,,,,,,,,,,,,,,,,,,,,,,,,,,,,,,
Maxon,maxson,maxsom,Moxon,,,,,,,,,,,,,,,,,,,,,,,,,,,,,,,,,,,,,,,,,,,,,,,,,,,,,,,
Maxwell,Macswle,Maukswell,maxfield,Macksfield,Markwell,Mauxwell,Maxell,Maxewell,Maxfeild,Maxfeelde,Maxfeld,Maxilfeld,Maxwel,Maxwill,,,,,,,,,,,,,,,,,,,,,,,,,,,,,,,,,,,,,,,,,,,,
May,Maye,,,,,,,,,,,,,,,,,,,,,,,,,,,,,,,,,,,,,,,,,,,,,,,,,,,,,,,,,
Maynard,Maynerd,Manard,Mannard,Mannarde,Maynert,Manert,Mayerd,,,,,,,,,,,,,,,,,,,,,,,,,,,,,,,,,,,,,,,,,,,,,,,,,,,
Mayor,Mayr,Mayre,Mayer,Maire,Maior,Maier,Meyers,Meyass,Meysse,Myers,Myars,Myrs,Myres,,,,,,,,,,,,,,,,,,,,,,,,,,,,,,,,,,,,,,,,,,,,,
McAbe,McCabe,Macabe,MacCabe,Maccabe,McCab,McAve,McCave,McCape,McGabe,McKabe,Mecabe,,,,,,,,,,,,,,,,,,,,,,,,,,,,,,,,,,,,,,,,,,,,,,,
McAdam,Macadam,Mackaddam,McCadames,McAdams,McCadames,McCuddom,,,,,,,,,,,,,,,,,,,,,,,,,,,,,,,,,,,,,,,,,,,,,,,,,,,,
McAde,McAdie,McAide,,,,,,,,,,,,,,,,,,,,,,,,,,,,,,,,,,,,,,,,,,,,,,,,,,,,,,,,
McAdoo,Macadoo,MacDoo,Mcaddoo,McCardew,McArdew,McDoo,,,,,,,,,,,,,,,,,,,,,,,,,,,,,,,,,,,,,,,,,,,,,,,,,,,,
McAfee,McFee,McPhee,McAffey,McAvee,McCafy,McHaffey,McHaghaugh,,,,,,,,,,,,,,,,,,,,,,,,,,,,,,,,,,,,,,,,,,,,,,,,,,,
McAfferty,McCafferty,Macafferty,McCaffety,McCafty,McCaverty,McGaffordy,,,,,,,,,,,,,,,,,,,,,,,,,,,,,,,,,,,,,,,,,,,,,,,,,,,,
McAffrey,McCaffrey,McCaffery,Caffray,Mackaffery,Mahaffery,McAffary,McCaffrey,McCaffre,McCaffree,McCafry,McCafy,McGaffrey,McHaffery,McKeifrey,Mehaffey,,,,,,,,,,,,,,,,,,,,,,,,,,,,,,,,,,,,,,,,,,,
McAleer,MacAleer,McAller,McAlear,McAlleer,McAllear,,,,,,,,,,,,,,,,,,,,,,,,,,,,,,,,,,,,,,,,,,,,,,,,,,,,,
McAlhatton,McElhatton,McAllaton,McAllhatton,Mealhalton,McElhalton,McElhatten,McElhulton,McElhutton,McIlhatton,McLatten,Micklehatton,Mucklehetton,,,,,,,,,,,,,,,,,,,,,,,,,,,,,,,,,,,,,,,,,,,,,,
McAllan,Macallan,MacAllallan,McAloon,Macholland,Mackallon,Mackalon,McAlhone,McAlinn,McCallan,McAllen,McAllone,McAlon,McAlone,McCallan,McCloon,,,,,,,,,,,,,,,,,,,,,,,,,,,,,,,,,,,,,,,,,,,
McAllister,Allister,Macalester,Macalister,Macallister,Maccalaster,MacCalister,Mackallister,Macollester,McAillister,McAlester,McAlister,McAllaster,McAlliaster,McAlster,McAlster,McCallister,McCollester,McCullester,,,,,,,,,,,,,,,,,,,,,,,,,,,,,,,,,,,,,,,,
McAlliver,McCalliver,McAlever,,,,,,,,,,,,,,,,,,,,,,,,,,,,,,,,,,,,,,,,,,,,,,,,,,,,,,,,
McAlpine,MCalping,Maccapin,McAlpen,McAlpin,Mcalpin,McCalpin,McGilpin,McOlpan,,,,,,,,,,,,,,,,,,,,,,,,,,,,,,,,,,,,,,,,,,,,,,,,,,
McAnally,Macanally,Macannally,McAnallay,McAnallen,McAnaly,McAnelly,McAnely,McAnnally,McAnnolly,McEnally,McInally,McNally,,,,,,,,,,,,,,,,,,,,,,,,,,,,,,,,,,,,,,,,,,,,,,
McAnaney,Macannany,McNaney,McAnany,Macnarnay,McAnanney,McAnanny,McNany,McInany,McAnarney,McAneny,McAnnaney,McAnnany,McEnaney,McEnanny,McEnany,McEneany,McEnemy,McEneny,McInany,McInanny,McKananey,McKenany,McNanney,McNanny,McNeany ,McNeny,Mickanany,,,,,,,,,,,,,,,,,,,,,,,,,,,,,,,
McAndrew,McCandrew,McKendrew,McCandrey,McEndree,Makendry,McKandry,Macandry,McAndrews,McKandra,McKendrey,McKendry,,,,,,,,,,,,,,,,,,,,,,,,,,,,,,,,,,,,,,,,,,,,,,,
McAninly,Animily,McAninley,McAnonly,,,,,,,,,,,,,,,,,,,,,,,,,,,,,,,,,,,,,,,,,,,,,,,,,,,,,,,
McAnney,Macany,MacCannay,McEney,Mackeeny,Mackeney,McKenny,McKenna,McAney,McAnna,McCanny,McAny,McEney,McEnay,McInney,McKinney,Mickanney,,,,,,,,,,,,,,,,,,,,,,,,,,,,,,,,,,,,,,,,,,
McArdle,McCardel,Cardle,Macadell,McArdel,Macardel,McCaudle,Maccardell,McArdal,McArdale,McArdall,McArdell,McCardal,McCardale,McCardell,McCardil,McCardle,,,,,,,,,,,,,,,,,,,,,,,,,,,,,,,,,,,,,,,,,,
McAree,Macari,,,,,,,,,,,,,,,,,,,,,,,,,,,,,,,,,,,,,,,,,,,,,,,,,,,,,,,,,
McArlan,McArlane,,,,,,,,,,,,,,,,,,,,,,,,,,,,,,,,,,,,,,,,,,,,,,,,,,,,,,,,,
McArley,Mcarlie,,,,,,,,,,,,,,,,,,,,,,,,,,,,,,,,,,,,,,,,,,,,,,,,,,,,,,,,,
McArthur,Macarter,Macarthur,McArter,McArther,McAurthur,McCarter,,,,,,,,,,,,,,,,,,,,,,,,,,,,,,,,,,,,,,,,,,,,,,,,,,,,
McAskell,McGaskill,,,,,,,,,,,,,,,,,,,,,,,,,,,,,,,,,,,,,,,,,,,,,,,,,,,,,,,,,
McAtee,McAttee,McAttie,,,,,,,,,,,,,,,,,,,,,,,,,,,,,,,,,,,,,,,,,,,,,,,,,,,,,,,,
McAteer,Macatear,McTear,McTeer,,,,,,,,,,,,,,,,,,,,,,,,,,,,,,,,,,,,,,,,,,,,,,,,,,,,,,,
McAuley,Macauley,McCawley,McAley,McAulay,McAully,McAuly,McCauley,McCawley,,,,,,,,,,,,,,,,,,,,,,,,,,,,,,,,,,,,,,,,,,,,,,,,,,
McAuliffe,Caulife,McAuffe,McCauliffe,McCowliff,,,,,,,,,,,,,,,,,,,,,,,,,,,,,,,,,,,,,,,,,,,,,,,,,,,,,,
McAveney,McAvennie,McAvenny,McAveny,McAvinnie,,,,,,,,,,,,,,,,,,,,,,,,,,,,,,,,,,,,,,,,,,,,,,,,,,,,,,
McAvit,McCavet,McCavett,McCavit,McCivet,McEvat,McEvert,McEvett,McKeveit,McKevett,McKivett,McKivitt,McVight,,,,,,,,,,,,,,,,,,,,,,,,,,,,,,,,,,,,,,,,,,,,,,
McAvoy,McEvoy,Macevey,McAvee,McElvoy,McIlvoy,McVay,McVeigh,McVoy,McVoge,McVoye,Mickvoy,McBay,McBeagh,McVight,,,,,,,,,,,,,,,,,,,,,,,,,,,,,,,,,,,,,,,,,,,,
McBarren,McBarron,,,,,,,,,,,,,,,,,,,,,,,,,,,,,,,,,,,,,,,,,,,,,,,,,,,,,,,,,
McBean,McBeane,,,,,,,,,,,,,,,,,,,,,,,,,,,,,,,,,,,,,,,,,,,,,,,,,,,,,,,,,
McBeth,MacBeth,Mackbeth,McBeath,,,,,,,,,,,,,,,,,,,,,,,,,,,,,,,,,,,,,,,,,,,,,,,,,,,,,,,
McBirney,McBirnie,McBurney,McBurnie,,,,,,,,,,,,,,,,,,,,,,,,,,,,,,,,,,,,,,,,,,,,,,,,,,,,,,,
McBray,Mackbray,,,,,,,,,,,,,,,,,,,,,,,,,,,,,,,,,,,,,,,,,,,,,,,,,,,,,,,,,
McBreal,Michbreal,,,,,,,,,,,,,,,,,,,,,,,,,,,,,,,,,,,,,,,,,,,,,,,,,,,,,,,,,
McBride,Macbride,McBryde,Mipbride,,,,,,,,,,,,,,,,,,,,,,,,,,,,,,,,,,,,,,,,,,,,,,,,,,,,,,,
McBryan,Macbrain,McBrain,,,,,,,,,,,,,,,,,,,,,,,,,,,,,,,,,,,,,,,,,,,,,,,,,,,,,,,,
McCaille,Machell,Machel,Machiall,Machill,,,,,,,,,,,,,,,,,,,,,,,,,,,,,,,,,,,,,,,,,,,,,,,,,,,,,,
McCain,Mcane,McKane,,,,,,,,,,,,,,,,,,,,,,,,,,,,,,,,,,,,,,,,,,,,,,,,,,,,,,,,
McCall,McAll,Mackal,McAwll,McCaul,,,,,,,,,,,,,,,,,,,,,,,,,,,,,,,,,,,,,,,,,,,,,,,,,,,,,,
McCallum,McAllam,McAlliom,McAllum,,,,,,,,,,,,,,,,,,,,,,,,,,,,,,,,,,,,,,,,,,,,,,,,,,,,,,,
McCann,McAn,McAnn,McAnne,,,,,,,,,,,,,,,,,,,,,,,,,,,,,,,,,,,,,,,,,,,,,,,,,,,,,,,
McCarroll,McArel,,,,,,,,,,,,,,,,,,,,,,,,,,,,,,,,,,,,,,,,,,,,,,,,,,,,,,,,,
McCarthy,Macarthy,Macathey,Mackertee,McArthey,McArthie,McArthy,McAthey,McAthy,McCathy,,,,,,,,,,,,,,,,,,,,,,,,,,,,,,,,,,,,,,,,,,,,,,,,,
McCartney,Mackartney,McArtney,Cartney,,,,,,,,,,,,,,,,,,,,,,,,,,,,,,,,,,,,,,,,,,,,,,,,,,,,,,,
McCausland,McAslen,,,,,,,,,,,,,,,,,,,,,,,,,,,,,,,,,,,,,,,,,,,,,,,,,,,,,,,,,
McClement,MacClement,Mackclement,Mackclemit,Clement,Macklement,Macliments,McClements,McClemment,McClemmentt,McClemont,McClymont,McKlement,McLayment,McLyment,,,,,,,,,,,,,,,,,,,,,,,,,,,,,,,,,,,,,,,,,,,,
McClenahan,McCalenagham,McClenaghan,McClenighan,McClennegan,McLennegan,McClennican,McLenaghan,,,,,,,,,,,,,,,,,,,,,,,,,,,,,,,,,,,,,,,,,,,,,,,,,,,
McClennan,McAleenan,Clenen,Clennan,Maclennan,Macclainin,MacClennan,Mackclannon,Mackleownan,Maclennon,Maglenon,McClennen,McClenning,McClennon,McClenon,Mcclinnon,McGlanning,McGlennan,McLenan,McLennan,McLennen,McLenning,McLennon,McLeownan,,,,,,,,,,,,,,,,,,,,,,,,,,,,,,,,,,,
McClintock,McClentick,McLintock,,,,,,,,,,,,,,,,,,,,,,,,,,,,,,,,,,,,,,,,,,,,,,,,,,,,,,,,
McClure,McAlure,,,,,,,,,,,,,,,,,,,,,,,,,,,,,,,,,,,,,,,,,,,,,,,,,,,,,,,,,
McConville,McCanvill,McConvel,McConvil,McConvill,McOnbiel,,,,,,,,,,,,,,,,,,,,,,,,,,,,,,,,,,,,,,,,,,,,,,,,,,,,,
McCoy,McAy,McCuy,,,,,,,,,,,,,,,,,,,,,,,,,,,,,,,,,,,,,,,,,,,,,,,,,,,,,,,,
McDavit,McDavitt,McDavid,McDevitt,McDivet,,,,,,,,,,,,,,,,,,,,,,,,,,,,,,,,,,,,,,,,,,,,,,,,,,,,,,
McDonagh,MacDonagh,McDonic,McDonach,McDonack,McDonough,McDonagt,McDonegh,McDonick,McDonna,McDonnah,McDonner,McDonnic,McDonnick,McDonnie,McDonie,McDonnough,McDonny,McDonogh,McDonwick,McDunnock,,,,,,,,,,,,,,,,,,,,,,,,,,,,,,,,,,,,,,
McDonald,McDonnell,Macdonald,Macdonnell,Donald,Donnald,Donneld,MDonald,Macdonel,Macdonell,Macdonil,Macdonland,Machdonnal,Mackdonal,Mackdonald,Mackdonel,Mackdoneld,Mackdonill,MackDonnall,MackDonnell,Makedonwell,McDaniel,McDonad,McDonal,McDonall,McDondall,McDonel,McDonnel,McDonlan,McDonld,McDonnald,McDonnall,McDonnold,McDonold,,,,,,,,,,,,,,,,,,,,,,,,,
McFair,Macfair,Makefaire,,,,,,,,,,,,,,,,,,,,,,,,,,,,,,,,,,,,,,,,,,,,,,,,,,,,,,,,
McForth,Macforth,,,,,,,,,,,,,,,,,,,,,,,,,,,,,,,,,,,,,,,,,,,,,,,,,,,,,,,,,
McGarvey,McArvey,,,,,,,,,,,,,,,,,,,,,,,,,,,,,,,,,,,,,,,,,,,,,,,,,,,,,,,,,
McGinty,McIntee,,,,,,,,,,,,,,,,,,,,,,,,,,,,,,,,,,,,,,,,,,,,,,,,,,,,,,,,,
McGillivray,McGilliver,McGiliver,McGulliver,Magilvhar,Gillivray,Gilvare,Gilverroy,Gilvray,McGilivery,McGilivray,McGilivrey,McGillevray,McGillfrey,McGillivary,McGillivery,McGillwray,McGilvary,McGilveray,McGilvray,Gilavray,Gilberry,Gilbroy,Gilivray,Gillivery,Gillvery,Gilveray,Gilverroy,Gilvogh,Gilvoy,,,,,,,,,,,,,,,,,,,,,,,,,,,,,
McHenry,McHendrie,MacHenry,Mackenry,McInery,McKenery,McKenrey,McKenry,,,,,,,,,,,,,,,,,,,,,,,,,,,,,,,,,,,,,,,,,,,,,,,,,,,
McIlroy,McAlroy,Macalroy,Macelroy,Mackelroy,McEllroy,McElrea,McElroy,McGilroy,Millroy,Muccleroy,Muckelroy,Muckleroy,,,,,,,,,,,,,,,,,,,,,,,,,,,,,,,,,,,,,,,,,,,,,,
McIlvaney,McAlvaner,McAlvaney,McAlvanney,McAlveny,McAlvinnie,Macalvany,MacIlvenney,Mackilvanna,McElvaney,McElvanney,McElveney,McElvenny,McIlvenna,McKilvanna,Mucklevanna,Mucklevannagh,,,,,,,,,,,,,,,,,,,,,,,,,,,,,,,,,,,,,,,,,,
McInerney,Macanernay,Macnarnay,McAnarney,McInerny,McCornorny,McEnerny,McNarney,McNearny,,,,,,,,,,,,,,,,,,,,,,,,,,,,,,,,,,,,,,,,,,,,,,,,,,
McInglish,McAnglish,,,,,,,,,,,,,,,,,,,,,,,,,,,,,,,,,,,,,,,,,,,,,,,,,,,,,,,,,
McIntyre,McAntyra,Intyre,Macantyre,Macentire,MacIntarl,MacIntire,Macintyre,Mackentire,Mackentyre,Mackinter,Mackintire,Mackintyre,Macyntire,Magintire,McEmter,McCintyre,McEnteer,McInteer,McIntyar,McIntere,McIntire,McIntyer,McTire,Macanter,McCanter,,,,,,,,,,,,,,,,,,,,,,,,,,,,,,,,,
McInestry,McAnestry,McKinstry,McNastrey,McNestry,McNaster,McAnistry,McAinster,McCanaster,McCannister,McConnister,McEnistry,,,,,,,,,,,,,,,,,,,,,,,,,,,,,,,,,,,,,,,,,,,,,,,
McIntaggart,McIntagart,McEntegart,McEntgard,McIntegard,,,,,,,,,,,,,,,,,,,,,,,,,,,,,,,,,,,,,,,,,,,,,,,,,,,,,,
McKendrick,McAndrick,Mackendrick,McKanrick,,,,,,,,,,,,,,,,,,,,,,,,,,,,,,,,,,,,,,,,,,,,,,,,,,,,,,,
McKerchar,McArcher,,,,,,,,,,,,,,,,,,,,,,,,,,,,,,,,,,,,,,,,,,,,,,,,,,,,,,,,,
McKie,Mackii,mackey,mackee,mckee,mackay,mckay,McAy,mackie,,,,,,,,,,,,,,,,,,,,,,,,,,,,,,,,,,,,,,,,,,,,,,,,,,
McKinley,Mackenaly,Macinlay,Mackenley,Mackinlay,Mackinley,McEnley,McGenley,McGinlay,McGinley,McInlay,McInlee,McKenley,McKinlay,Mickinley,,,,,,,,,,,,,,,,,,,,,,,,,,,,,,,,,,,,,,,,,,,,
McLachlan,McAcclen,McLacailan,McLacklan,McLackland,McLauchlan,McLauchland,McLaughlan,McLaughlin,McGloughlin,Laughlan,Laughling,Machlachlan,Mackglafling,Mackglaughin,Mackglaughlin,Macklachan,Macklacken,Macklaughlan,Maclaffling,MacLauchland,Maglaglan,Magloughan,McClacklan,McClacklin,McClaughlen,McCloughland,McGlachlan,McGlacklan,McGlaffling,McGlafling,McGlaughin,McGlaughlin,McGlofflin,McGloflen,McHuglen,McLachlen,McLachlin,McLacklin,McLackling,McLaclin,McLafflin,McLauchlam,McLauchlen,McLauchlhin,McLauchlin,McLauckland,McLaughan,McLaughin,McLaughland,McLaughlen,McLavelin,McLechlan,McLochlan,McLocklin,McLoghlin,McLoughlan,McLoughlin,McLoughling
McGlashan,McLashon,Clashen,Glachan,Macclashan,MacGlashen,Macglashon,Mackglashon,Maglashan,McClashan,McClashen,McClashon,McClasson,McGlasham,McGlashen,McGlashin,McGlashon,McGlasshan,McGlassom,McGlasson,McGleshan,McKleshin,McLashan,McLason,,,,,,,,,,,,,,,,,,,,,,,,,,,,,,,,,,,
McLean,McAleen,Mackclene,Macclen,MacLen,McClean,Maclene,Maclenn,McClan,McClen,McClene,McClenn,McLen,McLene,McLenn,Meckclen,Miclen,,,,,,,,,,,,,,,,,,,,,,,,,,,,,,,,,,,,,,,,,,
McLinden,McAllinden,McLindon,McAlindon,,,,,,,,,,,,,,,,,,,,,,,,,,,,,,,,,,,,,,,,,,,,,,,,,,,,,,,
McLish,McAlish,,,,,,,,,,,,,,,,,,,,,,,,,,,,,,,,,,,,,,,,,,,,,,,,,,,,,,,,,
McNulty,McAnnulty,McAnulty,,,,,,,,,,,,,,,,,,,,,,,,,,,,,,,,,,,,,,,,,,,,,,,,,,,,,,,,
McQueen,Macqueen,queen,,,,,,,,,,,,,,,,,,,,,,,,,,,,,,,,,,,,,,,,,,,,,,,,,,,,,,,,
McTomney,McAtamney,McAtanney,McAtemney,McAtimney,McAtominy,McAtomney,McAttomeley,Macintomny,McIntaminy,McTimney,McTomaney,McTominey,McTomminy,McTomny,Mcturmany,,,,,,,,,,,,,,,,,,,,,,,,,,,,,,,,,,,,,,,,,,,
Meadows,Medowes,,,,,,,,,,,,,,,,,,,,,,,,,,,,,,,,,,,,,,,,,,,,,,,,,,,,,,,,,
Means,Meanes,,,,,,,,,,,,,,,,,,,,,,,,,,,,,,,,,,,,,,,,,,,,,,,,,,,,,,,,,
Meburn,Meburne,Medburne,Meaburn,Meaburne,Meborn,Meborne,Mebornn,Mebourn,Mebourne,Meabron,Mebor,Mewborne,Mewbrown,Mewburne,Meyburne,Mowborne,Mabbourn,Maborn,Mabourn,,,,,,,,,,,,,,,,,,,,,,,,,,,,,,,,,,,,,,,
Megar,Meggar,Meggor,,,,,,,,,,,,,,,,,,,,,,,,,,,,,,,,,,,,,,,,,,,,,,,,,,,,,,,,
Meggett,Meggat,Meggatt,Meggert,Megart,Megat,Moggart,Mygatt,Meggart,,,,,,,,,,,,,,,,,,,,,,,,,,,,,,,,,,,,,,,,,,,,,,,,,,
Meggison,Magson,Magison,Mageson,Magerson,Magersone,Megerson,Megson,Magason,Magasson,Magenson,Maggason,Maggerson,Maggison,Maggson,Magasen,Magasin,Medggeson,Medgison,Megeson,Megetson,Meggason,Meggerson,Meggeson,Megginson,Meggisone,Meggitson,Meggson,Meggueson,Meginson,Megison,Megisson,Megitson,Megsonn,Megston,Miggison,,,,,,,,,,,,,,,,,,,,,,,
Meland,Melande,Melan,Mellan,Mellen,,,,,,,,,,,,,,,,,,,,,,,,,,,,,,,,,,,,,,,,,,,,,,,,,,,,,,
Meldrum,Meldrom,Meldrome,Mildrome,,,,,,,,,,,,,,,,,,,,,,,,,,,,,,,,,,,,,,,,,,,,,,,,,,,,,,,
Mellanby,Mellerby,Mellerbye,Melinerbe,Mellerbe,Mellerbey,Mellerbie,Melmerbie,Melberbie,,,,,,,,,,,,,,,,,,,,,,,,,,,,,,,,,,,,,,,,,,,,,,,,,,
Melsonby,Melsonbe,Melsonbie,Mesambye,Mersonbe,Melsambye,,,,,,,,,,,,,,,,,,,,,,,,,,,,,,,,,,,,,,,,,,,,,,,,,,,,,
Mensforth,Mensforthe,Mencforth,Mainsforth,Mainsfourth,Mainesforth,Mansefurthe,Mansforth,Maynefurth,Maynesforth,Maynsefourth,Maynsforth,Maynsfourth,Maynsfurth,Maynsworth,Maysforth,Masforth,Maynesfurth,,,,,,,,,,,,,,,,,,,,,,,,,,,,,,,,,,,,,,,,,
Merriman,Meriman,Merryemann,Merryman,Merrymann,Meryeman,Meryman,Myrryeman,Myrryman,Merman,,,,,,,,,,,,,,,,,,,,,,,,,,,,,,,,,,,,,,,,,,,,,,,,,
Merrington,Merington,Merrinton,Merinton,Merrynton,Merynton,,,,,,,,,,,,,,,,,,,,,,,,,,,,,,,,,,,,,,,,,,,,,,,,,,,,,
Mertes,Murtes,,,,,,,,,,,,,,,,,,,,,,,,,,,,,,,,,,,,,,,,,,,,,,,,,,,,,,,,,
Metcalf,Metcalfe,Mettcalf,Medcalf,Medcalfe,Medcawfe,Medchafe,Midcalf,Midcalfe,Mitcalf,Mydcalfe,,,,,,,,,,,,,,,,,,,,,,,,,,,,,,,,,,,,,,,,,,,,,,,,
Metham,Mettham,,,,,,,,,,,,,,,,,,,,,,,,,,,,,,,,,,,,,,,,,,,,,,,,,,,,,,,,,
Mettrick,Mettricke,,,,,,,,,,,,,,,,,,,,,,,,,,,,,,,,,,,,,,,,,,,,,,,,,,,,,,,,,
Middlemiss,Middlemist,middlemas,middlemass,Medlemis,Midalmost,Middellmost,Middelmas,Middelmass,Middemas,Middemiss,Middlema,Middlemash,Middlemast,Middlemes,Middlemess,Middlemost,Middlemest,Middlemis,Middlemoss,Middlemost,Midelmas,Midlemas,Midlemass,Midlemese,Midlemiss,Midlmas,Midmost,,,,,,,,,,,,,,,,,,,,,,,,,,,,,,,
Middleton,Midleton,Midletonn,Middletone,Midelltonn,Midelton,Mideltonn,Mideltown,Midillton,Midilton,Midiltonn,Midlton,Meddleton,Medelton,Medilton,Medlton,Middelton,Myddelton,Myddeltone,Myddeton,Myddleton,Myddletone,Mydelton,Mydleton,Mydltone,maddleton,,,,,,,,,,,,,,,,,,,,,,,,,,,,,,,,,
Midforth,Mydforth,Mydforthe,Mydfurth,Mydfurthe,Midford,Mitford,Metford,Metforthe,Mytforth,Metfothe,,,,,,,,,,,,,,,,,,,,,,,,,,,,,,,,,,,,,,,,,,,,,,,,
Migley ,Meghlay,midgley,,,,,,,,,,,,,,,,,,,,,,,,,,,,,,,,,,,,,,,,,,,,,,,,,,,,,,,,
Milbank,Milbanck,,,,,,,,,,,,,,,,,,,,,,,,,,,,,,,,,,,,,,,,,,,,,,,,,,,,,,,,,
Milburn,Milburne,Millburne,Milborn,Milborne,Milbourne,Mylborn,Mylborne,Mylburne,Milbourn,,,,,,,,,,,,,,,,,,,,,,,,,,,,,,,,,,,,,,,,,,,,,,,,,
Miles,Myles,,,,,,,,,,,,,,,,,,,,,,,,,,,,,,,,,,,,,,,,,,,,,,,,,,,,,,,,,
Miller,Millar,Myller,Millers,,,,,,,,,,,,,,,,,,,,,,,,,,,,,,,,,,,,,,,,,,,,,,,,,,,,,,,
Millett,Millet,Millot,Myllott,,,,,,,,,,,,,,,,,,,,,,,,,,,,,,,,,,,,,,,,,,,,,,,,,,,,,,,
Millington,Myllyngton,,,,,,,,,,,,,,,,,,,,,,,,,,,,,,,,,,,,,,,,,,,,,,,,,,,,,,,,,
Mills,Milles,Mils,Mylles,Millis,,,,,,,,,,,,,,,,,,,,,,,,,,,,,,,,,,,,,,,,,,,,,,,,,,,,,,
Milne,Milnes,Mylnes,,,,,,,,,,,,,,,,,,,,,,,,,,,,,,,,,,,,,,,,,,,,,,,,,,,,,,,,
Milner,Myliner,Mylner,,,,,,,,,,,,,,,,,,,,,,,,,,,,,,,,,,,,,,,,,,,,,,,,,,,,,,,,
Minikin,Mynikyn,Manikin,Mantkin,minican,minnikin,,,,,,,,,,,,,,,,,,,,,,,,,,,,,,,,,,,,,,,,,,,,,,,,,,,,,
Minto,Meinto,,,,,,,,,,,,,,,,,,,,,,,,,,,,,,,,,,,,,,,,,,,,,,,,,,,,,,,,,
Missell,Myssels,,,,,,,,,,,,,,,,,,,,,,,,,,,,,,,,,,,,,,,,,,,,,,,,,,,,,,,,,
Mitchell,Michell,Mychehyll,Mychell,,,,,,,,,,,,,,,,,,,,,,,,,,,,,,,,,,,,,,,,,,,,,,,,,,,,,,,
Mitchelson,Michalson,Michellson,Michelson,Michilson,Michilsone,Mychilson,Mytchelson,Mychellson,Mychelson,Mitchison,Mitcheson,Mychinson,Mychyson,Mytcheson,Michesone,Micheson,,,,,,,,,,,,,,,,,,,,,,,,,,,,,,,,,,,,,,,,,,
Moberley,Moberlye,Moberleie,Mobelie,Mowberlay,,,,,,,,,,,,,,,,,,,,,,,,,,,,,,,,,,,,,,,,,,,,,,,,,,,,,,
Mobley,Mabley,,,,,,,,,,,,,,,,,,,,,,,,,,,,,,,,,,,,,,,,,,,,,,,,,,,,,,,,,
Moffat,Moffit,Moffitt,Moffet,Mofett,Moffett,Moffette,Morfeit,Morfot,Muffut,Marphet,Morphet,Morphett,,,,,,,,,,,,,,,,,,,,,,,,,,,,,,,,,,,,,,,,,,,,,,
Molakey,Molakell,malachi,malarkey,,,,,,,,,,,,,,,,,,,,,,,,,,,,,,,,,,,,,,,,,,,,,,,,,,,,,,,
Moncrieff,Monncriff,Monncryff,Mouncriff,moncrief,,,,,,,,,,,,,,,,,,,,,,,,,,,,,,,,,,,,,,,,,,,,,,,,,,,,,,
Mondy,Mondie,Moundy,Mundy,Mundey,Monday,,,,,,,,,,,,,,,,,,,,,,,,,,,,,,,,,,,,,,,,,,,,,,,,,,,,,
Moody,Moodie,Mooddye,Moode,Moadie,Modie,Moudye,Muddie,Muddye,Mudey,Mudie,Moodey,Mudye,,,,,,,,,,,,,,,,,,,,,,,,,,,,,,,,,,,,,,,,,,,,,,
Moorcock,Moorecocke,Morecocke,Morecoke,Morrecocke,Morcok,Murcocke,,,,,,,,,,,,,,,,,,,,,,,,,,,,,,,,,,,,,,,,,,,,,,,,,,,,
Moore,Moor,More,Morr,Moir,Moyer,Moure,Moures,Mores,Moorsi,Mawer,Mawere,Mawre,Maure,Mawe,Mawes,Mower,Mowre,,,,,,,,,,,,,,,,,,,,,,,,,,,,,,,,,,,,,,,,,
Moorey,Mooreye,Moorie,Moory,Moorye,Moray,Morraye,Morrey,Mory,Morey,Murray,Murrey,Murie,Murre,,,,,,,,,,,,,,,,,,,,,,,,,,,,,,,,,,,,,,,,,,,,,
Moorhouse,Moorehouse,Morehouse,Moorehowse,Moosse,Morres,,,,,,,,,,,,,,,,,,,,,,,,,,,,,,,,,,,,,,,,,,,,,,,,,,,,,
Morden,Mordon,Mordone,Marden,,,,,,,,,,,,,,,,,,,,,,,,,,,,,,,,,,,,,,,,,,,,,,,,,,,,,,,
Mordey,Mordy,mordue,mordew,,,,,,,,,,,,,,,,,,,,,,,,,,,,,,,,,,,,,,,,,,,,,,,,,,,,,,,
Moreby,Morribee,,,,,,,,,,,,,,,,,,,,,,,,,,,,,,,,,,,,,,,,,,,,,,,,,,,,,,,,,
Morecombe,Morecome,,,,,,,,,,,,,,,,,,,,,,,,,,,,,,,,,,,,,,,,,,,,,,,,,,,,,,,,,
Moresby,Moraysby,Morsby,,,,,,,,,,,,,,,,,,,,,,,,,,,,,,,,,,,,,,,,,,,,,,,,,,,,,,,,
Morgan,Morgane,Morgayn,Morgayne,Morgen,,,,,,,,,,,,,,,,,,,,,,,,,,,,,,,,,,,,,,,,,,,,,,,,,,,,,,
Morland,Morlande,Morllande,Morlan,Morlaine,Morlane,Morlayne,Morlyn,Morlyne,Marland,,,,,,,,,,,,,,,,,,,,,,,,,,,,,,,,,,,,,,,,,,,,,,,,,
Morley,Morlay,Morlaye,Morly,Morlye,,,,,,,,,,,,,,,,,,,,,,,,,,,,,,,,,,,,,,,,,,,,,,,,,,,,,,
Morpeth,Morpethe,Morepeth,Morepethe,,,,,,,,,,,,,,,,,,,,,,,,,,,,,,,,,,,,,,,,,,,,,,,,,,,,,,,
Morrell,Murrell,,,,,,,,,,,,,,,,,,,,,,,,,,,,,,,,,,,,,,,,,,,,,,,,,,,,,,,,,
Morris,Morisse,Morrice,Moorice,Morys,Moris,Morse,Mures,Muris,,,,,,,,,,,,,,,,,,,,,,,,,,,,,,,,,,,,,,,,,,,,,,,,,,
Morrish,Morishe,,,,,,,,,,,,,,,,,,,,,,,,,,,,,,,,,,,,,,,,,,,,,,,,,,,,,,,,,
Morrison,Morison,Moreson,Morisonn,Morryson,Marson,Mawson,,,,,,,,,,,,,,,,,,,,,,,,,,,,,,,,,,,,,,,,,,,,,,,,,,,,
Morrow,Morow,Morro,Morroo,Marrow,,,,,,,,,,,,,,,,,,,,,,,,,,,,,,,,,,,,,,,,,,,,,,,,,,,,,,
Moss,Mosse,,,,,,,,,,,,,,,,,,,,,,,,,,,,,,,,,,,,,,,,,,,,,,,,,,,,,,,,,
Moulde,Mowlde,Moylde,mould,mold,mole,Moule,maule,,,,,,,,,,,,,,,,,,,,,,,,,,,,,,,,,,,,,,,,,,,,,,,,,,,
Mow,maw,,,,,,,,,,,,,,,,,,,,,,,,,,,,,,,,,,,,,,,,,,,,,,,,,,,,,,,,,
Mowbray,Mowbraye,Mowbrye,Mowbery,Mowberye,Mowberie,Mowebury,Mowbrai,Mouberye,Mobrine,Mybray,,,,,,,,,,,,,,,,,,,,,,,,,,,,,,,,,,,,,,,,,,,,,,,,
Moyse,Moyses,Moysse,moises,,,,,,,,,,,,,,,,,,,,,,,,,,,,,,,,,,,,,,,,,,,,,,,,,,,,,,,
Moyser,Mosier,,,,,,,,,,,,,,,,,,,,,,,,,,,,,,,,,,,,,,,,,,,,,,,,,,,,,,,,,
Mullen,Mullan,Mulleine,Molon,,,,,,,,,,,,,,,,,,,,,,,,,,,,,,,,,,,,,,,,,,,,,,,,,,,,,,,
Mullikin,Mullycan,Mullycane,Mullychane,Mullychan,milliken,,,,,,,,,,,,,,,,,,,,,,,,,,,,,,,,,,,,,,,,,,,,,,,,,,,,,
Muncaster,Monkester,Munghester,Munkkester,Monkinshire,Monkaster,Moncaster,Mancaster,Mangcaster,Mongcaster,Monkcaster,Monkchester,Monkster,Moungcaster,Muncaster,Mulcaster,Mulkaster,Mulkister,Muncashire,Muncast,Muncaster,Muncater,Munckaster,Munkaster,Munkester,Munkister,,,,,,,,,,,,,,,,,,,,,,,,,,,,,,,,,
Murthwaite,Smurthwaite,Murthwate,Mirthewatt,Morthet,Morthewhait,Morthwaite,Morthwhat,Morthwhate,Morthwhete,Morthwhoot,Mourwhite,Murthet,Murthwait,Murthwhait,Murthwhate,Murwhait,Murwhit,Murthat,,,,,,,,,,,,,,,,,,,,,,,,,,,,,,,,,,,,,,,,
Muse,mewes,mews,,,,,,,,,,,,,,,,,,,,,,,,,,,,,,,,,,,,,,,,,,,,,,,,,,,,,,,,
Musgrave,Musgrove,Muscrafe,,,,,,,,,,,,,,,,,,,,,,,,,,,,,,,,,,,,,,,,,,,,,,,,,,,,,,,,
Mushens,Mushen,Muschion,muschant,Muschamp,Muschens,Musham,Mushan,Mushans,Musheans,Mushein,Mushells,Mushell,Mushels,Mushin,Mushines,Mushinges,Mushings,Mushins,Mushons,Mushooms,Musshens,Musshoons,Musteans,Muthens,,,,,,,,,,,,,,,,,,,,,,,,,,,,,,,,,,
Mytton,Myton,,,,,,,,,,,,,,,,,,,,,,,,,,,,,,,,,,,,,,,,,,,,,,,,,,,,,,,,,
Mushett,Moushet,Mouchet,Muchet,Mushat,Muschat,Mushott,Mouchett,Moushet,Muschitt,Mushett,Mushott,,,,,,,,,,,,,,,,,,,,,,,,,,,,,,,,,,,,,,,,,,,,,,,
